"date","series_id","value","series_name"
1980-10-01,"MTSDS133FMS",-16921,"Federal Surplus or Deficit [-]"
1980-11-01,"MTSDS133FMS",-8907,"Federal Surplus or Deficit [-]"
1980-12-01,"MTSDS133FMS",-1965,"Federal Surplus or Deficit [-]"
1981-01-01,"MTSDS133FMS",-12192,"Federal Surplus or Deficit [-]"
1981-02-01,"MTSDS133FMS",-15620,"Federal Surplus or Deficit [-]"
1981-03-01,"MTSDS133FMS",-9582,"Federal Surplus or Deficit [-]"
1981-04-01,"MTSDS133FMS",17190,"Federal Surplus or Deficit [-]"
1981-05-01,"MTSDS133FMS",-16171,"Federal Surplus or Deficit [-]"
1981-06-01,"MTSDS133FMS",15363,"Federal Surplus or Deficit [-]"
1981-07-01,"MTSDS133FMS",-10343,"Federal Surplus or Deficit [-]"
1981-08-01,"MTSDS133FMS",-5119,"Federal Surplus or Deficit [-]"
1981-09-01,"MTSDS133FMS",6335,"Federal Surplus or Deficit [-]"
1981-10-01,"MTSDS133FMS",-18105,"Federal Surplus or Deficit [-]"
1981-11-01,"MTSDS133FMS",-10642,"Federal Surplus or Deficit [-]"
1981-12-01,"MTSDS133FMS",-19468,"Federal Surplus or Deficit [-]"
1982-01-01,"MTSDS133FMS",9339,"Federal Surplus or Deficit [-]"
1982-02-01,"MTSDS133FMS",-14780,"Federal Surplus or Deficit [-]"
1982-03-01,"MTSDS133FMS",-18255,"Federal Surplus or Deficit [-]"
1982-04-01,"MTSDS133FMS",9704,"Federal Surplus or Deficit [-]"
1982-05-01,"MTSDS133FMS",-18930,"Federal Surplus or Deficit [-]"
1982-06-01,"MTSDS133FMS",6724,"Federal Surplus or Deficit [-]"
1982-07-01,"MTSDS133FMS",-19831,"Federal Surplus or Deficit [-]"
1982-08-01,"MTSDS133FMS",-14704,"Federal Surplus or Deficit [-]"
1982-09-01,"MTSDS133FMS",-1708,"Federal Surplus or Deficit [-]"
1982-10-01,"MTSDS133FMS",-26169,"Federal Surplus or Deficit [-]"
1982-11-01,"MTSDS133FMS",-24158,"Federal Surplus or Deficit [-]"
1982-12-01,"MTSDS133FMS",-17938,"Federal Surplus or Deficit [-]"
1983-01-01,"MTSDS133FMS",-9582,"Federal Surplus or Deficit [-]"
1983-02-01,"MTSDS133FMS",-25336,"Federal Surplus or Deficit [-]"
1983-03-01,"MTSDS133FMS",-26036,"Federal Surplus or Deficit [-]"
1983-04-01,"MTSDS133FMS",-3308,"Federal Surplus or Deficit [-]"
1983-05-01,"MTSDS133FMS",-29285,"Federal Surplus or Deficit [-]"
1983-06-01,"MTSDS133FMS",3401,"Federal Surplus or Deficit [-]"
1983-07-01,"MTSDS133FMS",-21412,"Federal Surplus or Deficit [-]"
1983-08-01,"MTSDS133FMS",-17477,"Federal Surplus or Deficit [-]"
1983-09-01,"MTSDS133FMS",1946,"Federal Surplus or Deficit [-]"
1983-10-01,"MTSDS133FMS",-25069,"Federal Surplus or Deficit [-]"
1983-11-01,"MTSDS133FMS",-21591,"Federal Surplus or Deficit [-]"
1983-12-01,"MTSDS133FMS",-16661,"Federal Surplus or Deficit [-]"
1984-01-01,"MTSDS133FMS",-5515,"Federal Surplus or Deficit [-]"
1984-02-01,"MTSDS133FMS",-20381,"Federal Surplus or Deficit [-]"
1984-03-01,"MTSDS133FMS",-28555,"Federal Surplus or Deficit [-]"
1984-04-01,"MTSDS133FMS",11493,"Federal Surplus or Deficit [-]"
1984-05-01,"MTSDS133FMS",-33932,"Federal Surplus or Deficit [-]"
1984-06-01,"MTSDS133FMS",-2000,"Federal Surplus or Deficit [-]"
1984-07-01,"MTSDS133FMS",-16416,"Federal Surplus or Deficit [-]"
1984-08-01,"MTSDS133FMS",-33498,"Federal Surplus or Deficit [-]"
1984-09-01,"MTSDS133FMS",16785,"Federal Surplus or Deficit [-]"
1984-10-01,"MTSDS133FMS",-28009,"Federal Surplus or Deficit [-]"
1984-11-01,"MTSDS133FMS",-28896,"Federal Surplus or Deficit [-]"
1984-12-01,"MTSDS133FMS",-14568,"Federal Surplus or Deficit [-]"
1985-01-01,"MTSDS133FMS",-7992,"Federal Surplus or Deficit [-]"
1985-02-01,"MTSDS133FMS",-21053,"Federal Surplus or Deficit [-]"
1985-03-01,"MTSDS133FMS",-29502,"Federal Surplus or Deficit [-]"
1985-04-01,"MTSDS133FMS",11386,"Federal Surplus or Deficit [-]"
1985-05-01,"MTSDS133FMS",-41997,"Federal Surplus or Deficit [-]"
1985-06-01,"MTSDS133FMS",-1408,"Federal Surplus or Deficit [-]"
1985-07-01,"MTSDS133FMS",-21533,"Federal Surplus or Deficit [-]"
1985-08-01,"MTSDS133FMS",-27597,"Federal Surplus or Deficit [-]"
1985-09-01,"MTSDS133FMS",-764,"Federal Surplus or Deficit [-]"
1985-10-01,"MTSDS133FMS",-27087,"Federal Surplus or Deficit [-]"
1985-11-01,"MTSDS133FMS",-33386,"Federal Surplus or Deficit [-]"
1985-12-01,"MTSDS133FMS",-14656,"Federal Surplus or Deficit [-]"
1986-01-01,"MTSDS133FMS",-6492,"Federal Surplus or Deficit [-]"
1986-02-01,"MTSDS133FMS",-24580,"Federal Surplus or Deficit [-]"
1986-03-01,"MTSDS133FMS",-30142,"Federal Surplus or Deficit [-]"
1986-04-01,"MTSDS133FMS",9928,"Federal Surplus or Deficit [-]"
1986-05-01,"MTSDS133FMS",-39396,"Federal Surplus or Deficit [-]"
1986-06-01,"MTSDS133FMS",-1044,"Federal Surplus or Deficit [-]"
1986-07-01,"MTSDS133FMS",-22304,"Federal Surplus or Deficit [-]"
1986-08-01,"MTSDS133FMS",-28056,"Federal Surplus or Deficit [-]"
1986-09-01,"MTSDS133FMS",-3926,"Federal Surplus or Deficit [-]"
1986-10-01,"MTSDS133FMS",-25290,"Federal Surplus or Deficit [-]"
1986-11-01,"MTSDS133FMS",-27087,"Federal Surplus or Deficit [-]"
1986-12-01,"MTSDS133FMS",-12369,"Federal Surplus or Deficit [-]"
1987-01-01,"MTSDS133FMS",-2157,"Federal Surplus or Deficit [-]"
1987-02-01,"MTSDS133FMS",-28379,"Federal Surplus or Deficit [-]"
1987-03-01,"MTSDS133FMS",-27931,"Federal Surplus or Deficit [-]"
1987-04-01,"MTSDS133FMS",38742,"Federal Surplus or Deficit [-]"
1987-05-01,"MTSDS133FMS",-35637,"Federal Surplus or Deficit [-]"
1987-06-01,"MTSDS133FMS",-623,"Federal Surplus or Deficit [-]"
1987-07-01,"MTSDS133FMS",-22339,"Federal Surplus or Deficit [-]"
1987-08-01,"MTSDS133FMS",-21796,"Federal Surplus or Deficit [-]"
1987-09-01,"MTSDS133FMS",15204,"Federal Surplus or Deficit [-]"
1987-10-01,"MTSDS133FMS",-30810,"Federal Surplus or Deficit [-]"
1987-11-01,"MTSDS133FMS",-27022,"Federal Surplus or Deficit [-]"
1987-12-01,"MTSDS133FMS",-24363,"Federal Surplus or Deficit [-]"
1988-01-01,"MTSDS133FMS",15896,"Federal Surplus or Deficit [-]"
1988-02-01,"MTSDS133FMS",-24065,"Federal Surplus or Deficit [-]"
1988-03-01,"MTSDS133FMS",-29283,"Federal Surplus or Deficit [-]"
1988-04-01,"MTSDS133FMS",13769,"Federal Surplus or Deficit [-]"
1988-05-01,"MTSDS133FMS",-22583,"Federal Surplus or Deficit [-]"
1988-06-01,"MTSDS133FMS",9134,"Federal Surplus or Deficit [-]"
1988-07-01,"MTSDS133FMS",-22918,"Federal Surplus or Deficit [-]"
1988-08-01,"MTSDS133FMS",-23079,"Federal Surplus or Deficit [-]"
1988-09-01,"MTSDS133FMS",10173,"Federal Surplus or Deficit [-]"
1988-10-01,"MTSDS133FMS",-27005,"Federal Surplus or Deficit [-]"
1988-11-01,"MTSDS133FMS",-29140,"Federal Surplus or Deficit [-]"
1988-12-01,"MTSDS133FMS",-12790,"Federal Surplus or Deficit [-]"
1989-01-01,"MTSDS133FMS",2797,"Federal Surplus or Deficit [-]"
1989-02-01,"MTSDS133FMS",-27871,"Federal Surplus or Deficit [-]"
1989-03-01,"MTSDS133FMS",-35784,"Federal Surplus or Deficit [-]"
1989-04-01,"MTSDS133FMS",40654,"Federal Surplus or Deficit [-]"
1989-05-01,"MTSDS133FMS",-25433,"Federal Surplus or Deficit [-]"
1989-06-01,"MTSDS133FMS",7785,"Federal Surplus or Deficit [-]"
1989-07-01,"MTSDS133FMS",-18237,"Federal Surplus or Deficit [-]"
1989-08-01,"MTSDS133FMS",-22150,"Federal Surplus or Deficit [-]"
1989-09-01,"MTSDS133FMS",-6146,"Federal Surplus or Deficit [-]"
1989-10-01,"MTSDS133FMS",-26084,"Federal Surplus or Deficit [-]"
1989-11-01,"MTSDS133FMS",-29732,"Federal Surplus or Deficit [-]"
1989-12-01,"MTSDS133FMS",-14772,"Federal Surplus or Deficit [-]"
1990-01-01,"MTSDS133FMS",8282,"Federal Surplus or Deficit [-]"
1990-02-01,"MTSDS133FMS",-35207,"Federal Surplus or Deficit [-]"
1990-03-01,"MTSDS133FMS",-53324,"Federal Surplus or Deficit [-]"
1990-04-01,"MTSDS133FMS",41829,"Federal Surplus or Deficit [-]"
1990-05-01,"MTSDS133FMS",-42482,"Federal Surplus or Deficit [-]"
1990-06-01,"MTSDS133FMS",-11105,"Federal Surplus or Deficit [-]"
1990-07-01,"MTSDS133FMS",-25924,"Federal Surplus or Deficit [-]"
1990-08-01,"MTSDS133FMS",-52719,"Federal Surplus or Deficit [-]"
1990-09-01,"MTSDS133FMS",20768,"Federal Surplus or Deficit [-]"
1990-10-01,"MTSDS133FMS",-31364,"Federal Surplus or Deficit [-]"
1990-11-01,"MTSDS133FMS",-47723,"Federal Surplus or Deficit [-]"
1990-12-01,"MTSDS133FMS",-7387,"Federal Surplus or Deficit [-]"
1991-01-01,"MTSDS133FMS",1650,"Federal Surplus or Deficit [-]"
1991-02-01,"MTSDS133FMS",-26191,"Federal Surplus or Deficit [-]"
1991-03-01,"MTSDS133FMS",-41173,"Federal Surplus or Deficit [-]"
1991-04-01,"MTSDS133FMS",30009,"Federal Surplus or Deficit [-]"
1991-05-01,"MTSDS133FMS",-53367,"Federal Surplus or Deficit [-]"
1991-06-01,"MTSDS133FMS",-2579,"Federal Surplus or Deficit [-]"
1991-07-01,"MTSDS133FMS",-40831,"Federal Surplus or Deficit [-]"
1991-08-01,"MTSDS133FMS",-43649,"Federal Surplus or Deficit [-]"
1991-09-01,"MTSDS133FMS",-6887,"Federal Surplus or Deficit [-]"
1991-10-01,"MTSDS133FMS",-36594,"Federal Surplus or Deficit [-]"
1991-11-01,"MTSDS133FMS",-44684,"Federal Surplus or Deficit [-]"
1991-12-01,"MTSDS133FMS",-2534,"Federal Surplus or Deficit [-]"
1992-01-01,"MTSDS133FMS",-15668,"Federal Surplus or Deficit [-]"
1992-02-01,"MTSDS133FMS",-49180,"Federal Surplus or Deficit [-]"
1992-03-01,"MTSDS133FMS",-50712,"Federal Surplus or Deficit [-]"
1992-04-01,"MTSDS133FMS",14603,"Federal Surplus or Deficit [-]"
1992-05-01,"MTSDS133FMS",-46773,"Federal Surplus or Deficit [-]"
1992-06-01,"MTSDS133FMS",3782,"Federal Surplus or Deficit [-]"
1992-07-01,"MTSDS133FMS",-43147,"Federal Surplus or Deficit [-]"
1992-08-01,"MTSDS133FMS",-24742,"Federal Surplus or Deficit [-]"
1992-09-01,"MTSDS133FMS",5310,"Federal Surplus or Deficit [-]"
1992-10-01,"MTSDS133FMS",-48792,"Federal Surplus or Deficit [-]"
1992-11-01,"MTSDS133FMS",-32726,"Federal Surplus or Deficit [-]"
1992-12-01,"MTSDS133FMS",-38947,"Federal Surplus or Deficit [-]"
1993-01-01,"MTSDS133FMS",29817,"Federal Surplus or Deficit [-]"
1993-02-01,"MTSDS133FMS",-48498,"Federal Surplus or Deficit [-]"
1993-03-01,"MTSDS133FMS",-43974,"Federal Surplus or Deficit [-]"
1993-04-01,"MTSDS133FMS",7817,"Federal Surplus or Deficit [-]"
1993-05-01,"MTSDS133FMS",-36963,"Federal Surplus or Deficit [-]"
1993-06-01,"MTSDS133FMS",11099,"Federal Surplus or Deficit [-]"
1993-07-01,"MTSDS133FMS",-39577,"Federal Surplus or Deficit [-]"
1993-08-01,"MTSDS133FMS",-23078,"Federal Surplus or Deficit [-]"
1993-09-01,"MTSDS133FMS",8517,"Federal Surplus or Deficit [-]"
1993-10-01,"MTSDS133FMS",-45422,"Federal Surplus or Deficit [-]"
1993-11-01,"MTSDS133FMS",-38381,"Federal Surplus or Deficit [-]"
1993-12-01,"MTSDS133FMS",-7705,"Federal Surplus or Deficit [-]"
1994-01-01,"MTSDS133FMS",15248,"Federal Surplus or Deficit [-]"
1994-02-01,"MTSDS133FMS",-41566,"Federal Surplus or Deficit [-]"
1994-03-01,"MTSDS133FMS",-32315,"Federal Surplus or Deficit [-]"
1994-04-01,"MTSDS133FMS",17454,"Federal Surplus or Deficit [-]"
1994-05-01,"MTSDS133FMS",-32057,"Federal Surplus or Deficit [-]"
1994-06-01,"MTSDS133FMS",14850,"Federal Surplus or Deficit [-]"
1994-07-01,"MTSDS133FMS",-33198,"Federal Surplus or Deficit [-]"
1994-08-01,"MTSDS133FMS",-24275,"Federal Surplus or Deficit [-]"
1994-09-01,"MTSDS133FMS",4266,"Federal Surplus or Deficit [-]"
1994-10-01,"MTSDS133FMS",-31343,"Federal Surplus or Deficit [-]"
1994-11-01,"MTSDS133FMS",-37243,"Federal Surplus or Deficit [-]"
1994-12-01,"MTSDS133FMS",-4803,"Federal Surplus or Deficit [-]"
1995-01-01,"MTSDS133FMS",15634,"Federal Surplus or Deficit [-]"
1995-02-01,"MTSDS133FMS",-38357,"Federal Surplus or Deficit [-]"
1995-03-01,"MTSDS133FMS",-50544,"Federal Surplus or Deficit [-]"
1995-04-01,"MTSDS133FMS",49722,"Federal Surplus or Deficit [-]"
1995-05-01,"MTSDS133FMS",-39555,"Federal Surplus or Deficit [-]"
1995-06-01,"MTSDS133FMS",12813,"Federal Surplus or Deficit [-]"
1995-07-01,"MTSDS133FMS",-13582,"Federal Surplus or Deficit [-]"
1995-08-01,"MTSDS133FMS",-33849,"Federal Surplus or Deficit [-]"
1995-09-01,"MTSDS133FMS",7191,"Federal Surplus or Deficit [-]"
1995-10-01,"MTSDS133FMS",-22758,"Federal Surplus or Deficit [-]"
1995-11-01,"MTSDS133FMS",-38452,"Federal Surplus or Deficit [-]"
1995-12-01,"MTSDS133FMS",5283,"Federal Surplus or Deficit [-]"
1996-01-01,"MTSDS133FMS",19456,"Federal Surplus or Deficit [-]"
1996-02-01,"MTSDS133FMS",-44346,"Federal Surplus or Deficit [-]"
1996-03-01,"MTSDS133FMS",-47071,"Federal Surplus or Deficit [-]"
1996-04-01,"MTSDS133FMS",72404,"Federal Surplus or Deficit [-]"
1996-05-01,"MTSDS133FMS",-53051,"Federal Surplus or Deficit [-]"
1996-06-01,"MTSDS133FMS",34340,"Federal Surplus or Deficit [-]"
1996-07-01,"MTSDS133FMS",-26856,"Federal Surplus or Deficit [-]"
1996-08-01,"MTSDS133FMS",-41831,"Federal Surplus or Deficit [-]"
1996-09-01,"MTSDS133FMS",35257,"Federal Surplus or Deficit [-]"
1996-10-01,"MTSDS133FMS",-39805,"Federal Surplus or Deficit [-]"
1996-11-01,"MTSDS133FMS",-37878,"Federal Surplus or Deficit [-]"
1996-12-01,"MTSDS133FMS",18490,"Federal Surplus or Deficit [-]"
1997-01-01,"MTSDS133FMS",13364,"Federal Surplus or Deficit [-]"
1997-02-01,"MTSDS133FMS",-44010,"Federal Surplus or Deficit [-]"
1997-03-01,"MTSDS133FMS",-21323,"Federal Surplus or Deficit [-]"
1997-04-01,"MTSDS133FMS",93939,"Federal Surplus or Deficit [-]"
1997-05-01,"MTSDS133FMS",-48494,"Federal Surplus or Deficit [-]"
1997-06-01,"MTSDS133FMS",54635,"Federal Surplus or Deficit [-]"
1997-07-01,"MTSDS133FMS",-25624,"Federal Surplus or Deficit [-]"
1997-08-01,"MTSDS133FMS",-35189,"Federal Surplus or Deficit [-]"
1997-09-01,"MTSDS133FMS",49940,"Federal Surplus or Deficit [-]"
1997-10-01,"MTSDS133FMS",-35968,"Federal Surplus or Deficit [-]"
1997-11-01,"MTSDS133FMS",-17349,"Federal Surplus or Deficit [-]"
1997-12-01,"MTSDS133FMS",13639,"Federal Surplus or Deficit [-]"
1998-01-01,"MTSDS133FMS",25379,"Federal Surplus or Deficit [-]"
1998-02-01,"MTSDS133FMS",-41750,"Federal Surplus or Deficit [-]"
1998-03-01,"MTSDS133FMS",-13813,"Federal Surplus or Deficit [-]"
1998-04-01,"MTSDS133FMS",124603,"Federal Surplus or Deficit [-]"
1998-05-01,"MTSDS133FMS",-38779,"Federal Surplus or Deficit [-]"
1998-06-01,"MTSDS133FMS",51106,"Federal Surplus or Deficit [-]"
1998-07-01,"MTSDS133FMS",-24084,"Federal Surplus or Deficit [-]"
1998-08-01,"MTSDS133FMS",-11166,"Federal Surplus or Deficit [-]"
1998-09-01,"MTSDS133FMS",37425,"Federal Surplus or Deficit [-]"
1998-10-01,"MTSDS133FMS",-32440,"Federal Surplus or Deficit [-]"
1998-11-01,"MTSDS133FMS",-16937,"Federal Surplus or Deficit [-]"
1998-12-01,"MTSDS133FMS",-5156,"Federal Surplus or Deficit [-]"
1999-01-01,"MTSDS133FMS",70505,"Federal Surplus or Deficit [-]"
1999-02-01,"MTSDS133FMS",-42337,"Federal Surplus or Deficit [-]"
1999-03-01,"MTSDS133FMS",-22409,"Federal Surplus or Deficit [-]"
1999-04-01,"MTSDS133FMS",113459,"Federal Surplus or Deficit [-]"
1999-05-01,"MTSDS133FMS",-23969,"Federal Surplus or Deficit [-]"
1999-06-01,"MTSDS133FMS",53568,"Federal Surplus or Deficit [-]"
1999-07-01,"MTSDS133FMS",-25164,"Federal Surplus or Deficit [-]"
1999-08-01,"MTSDS133FMS",-2803,"Federal Surplus or Deficit [-]"
1999-09-01,"MTSDS133FMS",58042,"Federal Surplus or Deficit [-]"
1999-10-01,"MTSDS133FMS",-26326,"Federal Surplus or Deficit [-]"
1999-11-01,"MTSDS133FMS",-27031,"Federal Surplus or Deficit [-]"
1999-12-01,"MTSDS133FMS",33081,"Federal Surplus or Deficit [-]"
2000-01-01,"MTSDS133FMS",62152,"Federal Surplus or Deficit [-]"
2000-02-01,"MTSDS133FMS",-41734,"Federal Surplus or Deficit [-]"
2000-03-01,"MTSDS133FMS",-35380,"Federal Surplus or Deficit [-]"
2000-04-01,"MTSDS133FMS",159497,"Federal Surplus or Deficit [-]"
2000-05-01,"MTSDS133FMS",-3611,"Federal Surplus or Deficit [-]"
2000-06-01,"MTSDS133FMS",55888,"Federal Surplus or Deficit [-]"
2000-07-01,"MTSDS133FMS",5061,"Federal Surplus or Deficit [-]"
2000-08-01,"MTSDS133FMS",-10427,"Federal Surplus or Deficit [-]"
2000-09-01,"MTSDS133FMS",65747,"Federal Surplus or Deficit [-]"
2000-10-01,"MTSDS133FMS",-11321,"Federal Surplus or Deficit [-]"
2000-11-01,"MTSDS133FMS",-23690,"Federal Surplus or Deficit [-]"
2000-12-01,"MTSDS133FMS",32666,"Federal Surplus or Deficit [-]"
2001-01-01,"MTSDS133FMS",76379,"Federal Surplus or Deficit [-]"
2001-02-01,"MTSDS133FMS",-48168,"Federal Surplus or Deficit [-]"
2001-03-01,"MTSDS133FMS",-50662,"Federal Surplus or Deficit [-]"
2001-04-01,"MTSDS133FMS",189796,"Federal Surplus or Deficit [-]"
2001-05-01,"MTSDS133FMS",-27919,"Federal Surplus or Deficit [-]"
2001-06-01,"MTSDS133FMS",31862,"Federal Surplus or Deficit [-]"
2001-07-01,"MTSDS133FMS",2820,"Federal Surplus or Deficit [-]"
2001-08-01,"MTSDS133FMS",-79990,"Federal Surplus or Deficit [-]"
2001-09-01,"MTSDS133FMS",35501,"Federal Surplus or Deficit [-]"
2001-10-01,"MTSDS133FMS",-7656,"Federal Surplus or Deficit [-]"
2001-11-01,"MTSDS133FMS",-54267,"Federal Surplus or Deficit [-]"
2001-12-01,"MTSDS133FMS",26567,"Federal Surplus or Deficit [-]"
2002-01-01,"MTSDS133FMS",43729,"Federal Surplus or Deficit [-]"
2002-02-01,"MTSDS133FMS",-76056,"Federal Surplus or Deficit [-]"
2002-03-01,"MTSDS133FMS",-64238,"Federal Surplus or Deficit [-]"
2002-04-01,"MTSDS133FMS",67170,"Federal Surplus or Deficit [-]"
2002-05-01,"MTSDS133FMS",-80631,"Federal Surplus or Deficit [-]"
2002-06-01,"MTSDS133FMS",29071,"Federal Surplus or Deficit [-]"
2002-07-01,"MTSDS133FMS",-29159,"Federal Surplus or Deficit [-]"
2002-08-01,"MTSDS133FMS",-54709,"Federal Surplus or Deficit [-]"
2002-09-01,"MTSDS133FMS",42388,"Federal Surplus or Deficit [-]"
2002-10-01,"MTSDS133FMS",-54072,"Federal Surplus or Deficit [-]"
2002-11-01,"MTSDS133FMS",-58883,"Federal Surplus or Deficit [-]"
2002-12-01,"MTSDS133FMS",4719,"Federal Surplus or Deficit [-]"
2003-01-01,"MTSDS133FMS",10633,"Federal Surplus or Deficit [-]"
2003-02-01,"MTSDS133FMS",-96663,"Federal Surplus or Deficit [-]"
2003-03-01,"MTSDS133FMS",-58877,"Federal Surplus or Deficit [-]"
2003-04-01,"MTSDS133FMS",51066,"Federal Surplus or Deficit [-]"
2003-05-01,"MTSDS133FMS",-88867,"Federal Surplus or Deficit [-]"
2003-06-01,"MTSDS133FMS",21230,"Federal Surplus or Deficit [-]"
2003-07-01,"MTSDS133FMS",-54240,"Federal Surplus or Deficit [-]"
2003-08-01,"MTSDS133FMS",-76587,"Federal Surplus or Deficit [-]"
2003-09-01,"MTSDS133FMS",23402,"Federal Surplus or Deficit [-]"
2003-10-01,"MTSDS133FMS",-69545,"Federal Surplus or Deficit [-]"
2003-11-01,"MTSDS133FMS",-42971,"Federal Surplus or Deficit [-]"
2003-12-01,"MTSDS133FMS",-17640,"Federal Surplus or Deficit [-]"
2004-01-01,"MTSDS133FMS",-1633,"Federal Surplus or Deficit [-]"
2004-02-01,"MTSDS133FMS",-96701,"Federal Surplus or Deficit [-]"
2004-03-01,"MTSDS133FMS",-72913,"Federal Surplus or Deficit [-]"
2004-04-01,"MTSDS133FMS",17578,"Federal Surplus or Deficit [-]"
2004-05-01,"MTSDS133FMS",-62463,"Federal Surplus or Deficit [-]"
2004-06-01,"MTSDS133FMS",19124,"Federal Surplus or Deficit [-]"
2004-07-01,"MTSDS133FMS",-69160,"Federal Surplus or Deficit [-]"
2004-08-01,"MTSDS133FMS",-41132,"Federal Surplus or Deficit [-]"
2004-09-01,"MTSDS133FMS",24611,"Federal Surplus or Deficit [-]"
2004-10-01,"MTSDS133FMS",-56618,"Federal Surplus or Deficit [-]"
2004-11-01,"MTSDS133FMS",-57170,"Federal Surplus or Deficit [-]"
2004-12-01,"MTSDS133FMS",-2561,"Federal Surplus or Deficit [-]"
2005-01-01,"MTSDS133FMS",8106,"Federal Surplus or Deficit [-]"
2005-02-01,"MTSDS133FMS",-113789,"Federal Surplus or Deficit [-]"
2005-03-01,"MTSDS133FMS",-71724,"Federal Surplus or Deficit [-]"
2005-04-01,"MTSDS133FMS",57924,"Federal Surplus or Deficit [-]"
2005-05-01,"MTSDS133FMS",-36190,"Federal Surplus or Deficit [-]"
2005-06-01,"MTSDS133FMS",22473,"Federal Surplus or Deficit [-]"
2005-07-01,"MTSDS133FMS",-53395,"Federal Surplus or Deficit [-]"
2005-08-01,"MTSDS133FMS",-51036,"Federal Surplus or Deficit [-]"
2005-09-01,"MTSDS133FMS",35234,"Federal Surplus or Deficit [-]"
2005-10-01,"MTSDS133FMS",-47277,"Federal Surplus or Deficit [-]"
2005-11-01,"MTSDS133FMS",-83072,"Federal Surplus or Deficit [-]"
2005-12-01,"MTSDS133FMS",10967,"Federal Surplus or Deficit [-]"
2006-01-01,"MTSDS133FMS",20964,"Federal Surplus or Deficit [-]"
2006-02-01,"MTSDS133FMS",-119237,"Federal Surplus or Deficit [-]"
2006-03-01,"MTSDS133FMS",-85281,"Federal Surplus or Deficit [-]"
2006-04-01,"MTSDS133FMS",118841,"Federal Surplus or Deficit [-]"
2006-05-01,"MTSDS133FMS",-42907,"Federal Surplus or Deficit [-]"
2006-06-01,"MTSDS133FMS",20517,"Federal Surplus or Deficit [-]"
2006-07-01,"MTSDS133FMS",-33164,"Federal Surplus or Deficit [-]"
2006-08-01,"MTSDS133FMS",-64717,"Federal Surplus or Deficit [-]"
2006-09-01,"MTSDS133FMS",56167,"Federal Surplus or Deficit [-]"
2006-10-01,"MTSDS133FMS",-49321,"Federal Surplus or Deficit [-]"
2006-11-01,"MTSDS133FMS",-73042,"Federal Surplus or Deficit [-]"
2006-12-01,"MTSDS133FMS",41961,"Federal Surplus or Deficit [-]"
2007-01-01,"MTSDS133FMS",38236,"Federal Surplus or Deficit [-]"
2007-02-01,"MTSDS133FMS",-119993,"Federal Surplus or Deficit [-]"
2007-03-01,"MTSDS133FMS",-96270,"Federal Surplus or Deficit [-]"
2007-04-01,"MTSDS133FMS",177674,"Federal Surplus or Deficit [-]"
2007-05-01,"MTSDS133FMS",-67699,"Federal Surplus or Deficit [-]"
2007-06-01,"MTSDS133FMS",27481,"Federal Surplus or Deficit [-]"
2007-07-01,"MTSDS133FMS",-36447,"Federal Surplus or Deficit [-]"
2007-08-01,"MTSDS133FMS",-116973,"Federal Surplus or Deficit [-]"
2007-09-01,"MTSDS133FMS",112866,"Federal Surplus or Deficit [-]"
2007-10-01,"MTSDS133FMS",-56838,"Federal Surplus or Deficit [-]"
2007-11-01,"MTSDS133FMS",-98238,"Federal Surplus or Deficit [-]"
2007-12-01,"MTSDS133FMS",48261,"Federal Surplus or Deficit [-]"
2008-01-01,"MTSDS133FMS",17839,"Federal Surplus or Deficit [-]"
2008-02-01,"MTSDS133FMS",-175563,"Federal Surplus or Deficit [-]"
2008-03-01,"MTSDS133FMS",-48212,"Federal Surplus or Deficit [-]"
2008-04-01,"MTSDS133FMS",159282,"Federal Surplus or Deficit [-]"
2008-05-01,"MTSDS133FMS",-165927,"Federal Surplus or Deficit [-]"
2008-06-01,"MTSDS133FMS",33547,"Federal Surplus or Deficit [-]"
2008-07-01,"MTSDS133FMS",-102767,"Federal Surplus or Deficit [-]"
2008-08-01,"MTSDS133FMS",-111914,"Federal Surplus or Deficit [-]"
2008-09-01,"MTSDS133FMS",45734,"Federal Surplus or Deficit [-]"
2008-10-01,"MTSDS133FMS",-155533,"Federal Surplus or Deficit [-]"
2008-11-01,"MTSDS133FMS",-125201,"Federal Surplus or Deficit [-]"
2008-12-01,"MTSDS133FMS",-51754,"Federal Surplus or Deficit [-]"
2009-01-01,"MTSDS133FMS",-63457,"Federal Surplus or Deficit [-]"
2009-02-01,"MTSDS133FMS",-193859,"Federal Surplus or Deficit [-]"
2009-03-01,"MTSDS133FMS",-191589,"Federal Surplus or Deficit [-]"
2009-04-01,"MTSDS133FMS",-20907,"Federal Surplus or Deficit [-]"
2009-05-01,"MTSDS133FMS",-189651,"Federal Surplus or Deficit [-]"
2009-06-01,"MTSDS133FMS",-94332,"Federal Surplus or Deficit [-]"
2009-07-01,"MTSDS133FMS",-180680,"Federal Surplus or Deficit [-]"
2009-08-01,"MTSDS133FMS",-103555,"Federal Surplus or Deficit [-]"
2009-09-01,"MTSDS133FMS",-45207,"Federal Surplus or Deficit [-]"
2009-10-01,"MTSDS133FMS",-176363,"Federal Surplus or Deficit [-]"
2009-11-01,"MTSDS133FMS",-120287,"Federal Surplus or Deficit [-]"
2009-12-01,"MTSDS133FMS",-91410,"Federal Surplus or Deficit [-]"
2010-01-01,"MTSDS133FMS",-42634,"Federal Surplus or Deficit [-]"
2010-02-01,"MTSDS133FMS",-220909,"Federal Surplus or Deficit [-]"
2010-03-01,"MTSDS133FMS",-65387,"Federal Surplus or Deficit [-]"
2010-04-01,"MTSDS133FMS",-82689,"Federal Surplus or Deficit [-]"
2010-05-01,"MTSDS133FMS",-135927,"Federal Surplus or Deficit [-]"
2010-06-01,"MTSDS133FMS",-68422,"Federal Surplus or Deficit [-]"
2010-07-01,"MTSDS133FMS",-165043,"Federal Surplus or Deficit [-]"
2010-08-01,"MTSDS133FMS",-90526,"Federal Surplus or Deficit [-]"
2010-09-01,"MTSDS133FMS",-34607,"Federal Surplus or Deficit [-]"
2010-10-01,"MTSDS133FMS",-140432,"Federal Surplus or Deficit [-]"
2010-11-01,"MTSDS133FMS",-150394,"Federal Surplus or Deficit [-]"
2010-12-01,"MTSDS133FMS",-78134,"Federal Surplus or Deficit [-]"
2011-01-01,"MTSDS133FMS",-49796,"Federal Surplus or Deficit [-]"
2011-02-01,"MTSDS133FMS",-222507,"Federal Surplus or Deficit [-]"
2011-03-01,"MTSDS133FMS",-188154,"Federal Surplus or Deficit [-]"
2011-04-01,"MTSDS133FMS",-40387,"Federal Surplus or Deficit [-]"
2011-05-01,"MTSDS133FMS",-57641,"Federal Surplus or Deficit [-]"
2011-06-01,"MTSDS133FMS",-43080,"Federal Surplus or Deficit [-]"
2011-07-01,"MTSDS133FMS",-129376,"Federal Surplus or Deficit [-]"
2011-08-01,"MTSDS133FMS",-134143,"Federal Surplus or Deficit [-]"
2011-09-01,"MTSDS133FMS",-62750,"Federal Surplus or Deficit [-]"
2011-10-01,"MTSDS133FMS",-98466,"Federal Surplus or Deficit [-]"
2011-11-01,"MTSDS133FMS",-137302,"Federal Surplus or Deficit [-]"
2011-12-01,"MTSDS133FMS",-85967,"Federal Surplus or Deficit [-]"
2012-01-01,"MTSDS133FMS",-27407,"Federal Surplus or Deficit [-]"
2012-02-01,"MTSDS133FMS",-231677,"Federal Surplus or Deficit [-]"
2012-03-01,"MTSDS133FMS",-198157,"Federal Surplus or Deficit [-]"
2012-04-01,"MTSDS133FMS",59117,"Federal Surplus or Deficit [-]"
2012-05-01,"MTSDS133FMS",-124636,"Federal Surplus or Deficit [-]"
2012-06-01,"MTSDS133FMS",-59741,"Federal Surplus or Deficit [-]"
2012-07-01,"MTSDS133FMS",-69604,"Federal Surplus or Deficit [-]"
2012-08-01,"MTSDS133FMS",-190533,"Federal Surplus or Deficit [-]"
2012-09-01,"MTSDS133FMS",75180,"Federal Surplus or Deficit [-]"
2012-10-01,"MTSDS133FMS",-119995,"Federal Surplus or Deficit [-]"
2012-11-01,"MTSDS133FMS",-172112,"Federal Surplus or Deficit [-]"
2012-12-01,"MTSDS133FMS",-1191,"Federal Surplus or Deficit [-]"
2013-01-01,"MTSDS133FMS",2886,"Federal Surplus or Deficit [-]"
2013-02-01,"MTSDS133FMS",-203539,"Federal Surplus or Deficit [-]"
2013-03-01,"MTSDS133FMS",-106530,"Federal Surplus or Deficit [-]"
2013-04-01,"MTSDS133FMS",112889,"Federal Surplus or Deficit [-]"
2013-05-01,"MTSDS133FMS",-138732,"Federal Surplus or Deficit [-]"
2013-06-01,"MTSDS133FMS",116501,"Federal Surplus or Deficit [-]"
2013-07-01,"MTSDS133FMS",-97597,"Federal Surplus or Deficit [-]"
2013-08-01,"MTSDS133FMS",-147905,"Federal Surplus or Deficit [-]"
2013-09-01,"MTSDS133FMS",75114,"Federal Surplus or Deficit [-]"
2013-10-01,"MTSDS133FMS",-90586,"Federal Surplus or Deficit [-]"
2013-11-01,"MTSDS133FMS",-135226,"Federal Surplus or Deficit [-]"
2013-12-01,"MTSDS133FMS",53220,"Federal Surplus or Deficit [-]"
2014-01-01,"MTSDS133FMS",-10250,"Federal Surplus or Deficit [-]"
2014-02-01,"MTSDS133FMS",-193532,"Federal Surplus or Deficit [-]"
2014-03-01,"MTSDS133FMS",-36895,"Federal Surplus or Deficit [-]"
2014-04-01,"MTSDS133FMS",106853,"Federal Surplus or Deficit [-]"
2014-05-01,"MTSDS133FMS",-129971,"Federal Surplus or Deficit [-]"
2014-06-01,"MTSDS133FMS",70519,"Federal Surplus or Deficit [-]"
2014-07-01,"MTSDS133FMS",-94621,"Federal Surplus or Deficit [-]"
2014-08-01,"MTSDS133FMS",-128677,"Federal Surplus or Deficit [-]"
2014-09-01,"MTSDS133FMS",105803,"Federal Surplus or Deficit [-]"
2014-10-01,"MTSDS133FMS",-121713,"Federal Surplus or Deficit [-]"
2014-11-01,"MTSDS133FMS",-56818,"Federal Surplus or Deficit [-]"
2014-12-01,"MTSDS133FMS",1864,"Federal Surplus or Deficit [-]"
2015-01-01,"MTSDS133FMS",-14996,"Federal Surplus or Deficit [-]"
2015-02-01,"MTSDS133FMS",-192359,"Federal Surplus or Deficit [-]"
2015-03-01,"MTSDS133FMS",-52910.05993036,"Federal Surplus or Deficit [-]"
2015-04-01,"MTSDS133FMS",156714.07843925,"Federal Surplus or Deficit [-]"
2015-05-01,"MTSDS133FMS",-82385.27841904,"Federal Surplus or Deficit [-]"
2015-06-01,"MTSDS133FMS",51775.76400154,"Federal Surplus or Deficit [-]"
2015-07-01,"MTSDS133FMS",-149186.76611285,"Federal Surplus or Deficit [-]"
2015-08-01,"MTSDS133FMS",-64420.51991251,"Federal Surplus or Deficit [-]"
2015-09-01,"MTSDS133FMS",91060.53109438,"Federal Surplus or Deficit [-]"
2015-10-01,"MTSDS133FMS",-136532.08481492,"Federal Surplus or Deficit [-]"
2015-11-01,"MTSDS133FMS",-64552.91957894,"Federal Surplus or Deficit [-]"
2015-12-01,"MTSDS133FMS",-14443.9438535,"Federal Surplus or Deficit [-]"
2016-01-01,"MTSDS133FMS",55163.28851489,"Federal Surplus or Deficit [-]"
2016-02-01,"MTSDS133FMS",-192614.00170636,"Federal Surplus or Deficit [-]"
2016-03-01,"MTSDS133FMS",-108042.73073878,"Federal Surplus or Deficit [-]"
2016-04-01,"MTSDS133FMS",106451.87183668,"Federal Surplus or Deficit [-]"
2016-05-01,"MTSDS133FMS",-52507.41284454,"Federal Surplus or Deficit [-]"
2016-06-01,"MTSDS133FMS",6251.98744016,"Federal Surplus or Deficit [-]"
2016-07-01,"MTSDS133FMS",-112815.2385045,"Federal Surplus or Deficit [-]"
2016-08-01,"MTSDS133FMS",-107111.57568004,"Federal Surplus or Deficit [-]"
2016-09-01,"MTSDS133FMS",33359.49405496,"Federal Surplus or Deficit [-]"
2016-10-01,"MTSDS133FMS",-44192.20097674,"Federal Surplus or Deficit [-]"
2016-11-01,"MTSDS133FMS",-136650.57490356,"Federal Surplus or Deficit [-]"
2016-12-01,"MTSDS133FMS",-27515.79855866,"Federal Surplus or Deficit [-]"
2017-01-01,"MTSDS133FMS",51257.177643,"Federal Surplus or Deficit [-]"
2017-02-01,"MTSDS133FMS",-192044.46533546,"Federal Surplus or Deficit [-]"
2017-03-01,"MTSDS133FMS",-176232.32530805,"Federal Surplus or Deficit [-]"
2017-04-01,"MTSDS133FMS",182428.05764871,"Federal Surplus or Deficit [-]"
2017-05-01,"MTSDS133FMS",-88425.99436618,"Federal Surplus or Deficit [-]"
2017-06-01,"MTSDS133FMS",-90233.19107067,"Federal Surplus or Deficit [-]"
2017-07-01,"MTSDS133FMS",-42939.37760097,"Federal Surplus or Deficit [-]"
2017-08-01,"MTSDS133FMS",-107688.77677988,"Federal Surplus or Deficit [-]"
2017-09-01,"MTSDS133FMS",8000.08293523,"Federal Surplus or Deficit [-]"
2017-10-01,"MTSDS133FMS",-63214.01796695,"Federal Surplus or Deficit [-]"
2017-11-01,"MTSDS133FMS",-138547.43781759,"Federal Surplus or Deficit [-]"
2017-12-01,"MTSDS133FMS",-23193.55948872,"Federal Surplus or Deficit [-]"
2018-01-01,"MTSDS133FMS",49235.72070792,"Federal Surplus or Deficit [-]"
2018-02-01,"MTSDS133FMS",-215248.1724224,"Federal Surplus or Deficit [-]"
2018-03-01,"MTSDS133FMS",-208743.24980988,"Federal Surplus or Deficit [-]"
2018-04-01,"MTSDS133FMS",214255.11366731,"Federal Surplus or Deficit [-]"
2018-05-01,"MTSDS133FMS",-146796.44336556,"Federal Surplus or Deficit [-]"
2018-06-01,"MTSDS133FMS",-74857.99046356,"Federal Surplus or Deficit [-]"
2018-07-01,"MTSDS133FMS",-76865.22967062,"Federal Surplus or Deficit [-]"
2018-08-01,"MTSDS133FMS",-214147.52548064,"Federal Surplus or Deficit [-]"
2018-09-01,"MTSDS133FMS",119116.00888032,"Federal Surplus or Deficit [-]"
2018-10-01,"MTSDS133FMS",-100491.14254473,"Federal Surplus or Deficit [-]"
2018-11-01,"MTSDS133FMS",-204902.55739878,"Federal Surplus or Deficit [-]"
2018-12-01,"MTSDS133FMS",-13539.35862905,"Federal Surplus or Deficit [-]"
2019-01-01,"MTSDS133FMS",8682.86661098,"Federal Surplus or Deficit [-]"
2019-02-01,"MTSDS133FMS",-233977.2488268,"Federal Surplus or Deficit [-]"
2019-03-01,"MTSDS133FMS",-146944.76565389,"Federal Surplus or Deficit [-]"
2019-04-01,"MTSDS133FMS",160304.50890986,"Federal Surplus or Deficit [-]"
2019-05-01,"MTSDS133FMS",-207768.39134666,"Federal Surplus or Deficit [-]"
2019-06-01,"MTSDS133FMS",-8476.31845422,"Federal Surplus or Deficit [-]"
2019-07-01,"MTSDS133FMS",-119695.80619346,"Federal Surplus or Deficit [-]"
2019-08-01,"MTSDS133FMS",-200344.34892913,"Federal Surplus or Deficit [-]"
2019-09-01,"MTSDS133FMS",82767.65846478,"Federal Surplus or Deficit [-]"
2019-10-01,"MTSDS133FMS",-134467.56493381,"Federal Surplus or Deficit [-]"
2019-11-01,"MTSDS133FMS",-208838.29445674,"Federal Surplus or Deficit [-]"
2019-12-01,"MTSDS133FMS",-13272.55731642,"Federal Surplus or Deficit [-]"
2020-01-01,"MTSDS133FMS",-32593.28000764,"Federal Surplus or Deficit [-]"
2020-02-01,"MTSDS133FMS",-235335.21387457,"Federal Surplus or Deficit [-]"
2020-03-01,"MTSDS133FMS",-119125.16471802,"Federal Surplus or Deficit [-]"
2020-04-01,"MTSDS133FMS",-737850.62107965,"Federal Surplus or Deficit [-]"
2020-05-01,"MTSDS133FMS",-398821.41365968,"Federal Surplus or Deficit [-]"
2020-06-01,"MTSDS133FMS",-864074.06849171,"Federal Surplus or Deficit [-]"
2020-07-01,"MTSDS133FMS",-62991.72639454,"Federal Surplus or Deficit [-]"
2020-08-01,"MTSDS133FMS",-200095.01510766,"Federal Surplus or Deficit [-]"
2020-09-01,"MTSDS133FMS",-124610.55841919,"Federal Surplus or Deficit [-]"
2020-10-01,"MTSDS133FMS",-284070.53717284,"Federal Surplus or Deficit [-]"
2020-11-01,"MTSDS133FMS",-145266.26352985,"Federal Surplus or Deficit [-]"
2020-12-01,"MTSDS133FMS",-143562.32743913,"Federal Surplus or Deficit [-]"
2021-01-01,"MTSDS133FMS",-162832.48946754,"Federal Surplus or Deficit [-]"
2021-02-01,"MTSDS133FMS",-310921.94250467,"Federal Surplus or Deficit [-]"
2021-03-01,"MTSDS133FMS",-659591.61844058,"Federal Surplus or Deficit [-]"
2021-04-01,"MTSDS133FMS",-225579.46032577,"Federal Surplus or Deficit [-]"
2021-05-01,"MTSDS133FMS",-131953.06316821,"Federal Surplus or Deficit [-]"
2021-06-01,"MTSDS133FMS",-174160.55026216,"Federal Surplus or Deficit [-]"
2021-07-01,"MTSDS133FMS",-302050.4883435,"Federal Surplus or Deficit [-]"
2021-08-01,"MTSDS133FMS",-170634.65366187,"Federal Surplus or Deficit [-]"
2021-09-01,"MTSDS133FMS",-61544.25121268,"Federal Surplus or Deficit [-]"
2021-10-01,"MTSDS133FMS",-165055.36693325,"Federal Surplus or Deficit [-]"
2021-11-01,"MTSDS133FMS",-191335.04052197,"Federal Surplus or Deficit [-]"
2021-12-01,"MTSDS133FMS",-21303.12942523,"Federal Surplus or Deficit [-]"
2022-01-01,"MTSDS133FMS",118698.85824166,"Federal Surplus or Deficit [-]"
2022-02-01,"MTSDS133FMS",-216589.75205605,"Federal Surplus or Deficit [-]"
2022-03-01,"MTSDS133FMS",-192682.38665693,"Federal Surplus or Deficit [-]"
2022-04-01,"MTSDS133FMS",308215.06052679,"Federal Surplus or Deficit [-]"
2022-05-01,"MTSDS133FMS",-66222.56120958,"Federal Surplus or Deficit [-]"
2022-06-01,"MTSDS133FMS",-88841.51292609,"Federal Surplus or Deficit [-]"
2022-07-01,"MTSDS133FMS",-211051.76005026,"Federal Surplus or Deficit [-]"
2022-08-01,"MTSDS133FMS",-219596.24094964,"Federal Surplus or Deficit [-]"
2022-09-01,"MTSDS133FMS",-429673.47896184,"Federal Surplus or Deficit [-]"
2022-10-01,"MTSDS133FMS",-87797.83631139,"Federal Surplus or Deficit [-]"
2022-11-01,"MTSDS133FMS",-248534.88065258,"Federal Surplus or Deficit [-]"
2022-12-01,"MTSDS133FMS",-85000.73657788,"Federal Surplus or Deficit [-]"
2023-01-01,"MTSDS133FMS",-38783.77183922,"Federal Surplus or Deficit [-]"
2023-02-01,"MTSDS133FMS",-262433.84319423,"Federal Surplus or Deficit [-]"
2023-03-01,"MTSDS133FMS",-378076.31647174,"Federal Surplus or Deficit [-]"
2023-04-01,"MTSDS133FMS",176180.79034912,"Federal Surplus or Deficit [-]"
2023-05-01,"MTSDS133FMS",-240348.23965837,"Federal Surplus or Deficit [-]"
2023-06-01,"MTSDS133FMS",-227768.41253805,"Federal Surplus or Deficit [-]"
2023-07-01,"MTSDS133FMS",-220782.0973536,"Federal Surplus or Deficit [-]"
2023-08-01,"MTSDS133FMS",89255.57269373,"Federal Surplus or Deficit [-]"
2023-09-01,"MTSDS133FMS",-170982.20087478,"Federal Surplus or Deficit [-]"
2023-10-01,"MTSDS133FMS",-66563.55112973,"Federal Surplus or Deficit [-]"
2023-11-01,"MTSDS133FMS",-314012.00228709,"Federal Surplus or Deficit [-]"
2023-12-01,"MTSDS133FMS",-129365.41491979,"Federal Surplus or Deficit [-]"
2024-01-01,"MTSDS133FMS",-21930.35633102,"Federal Surplus or Deficit [-]"
2024-02-01,"MTSDS133FMS",-296274.64807989,"Federal Surplus or Deficit [-]"
2024-03-01,"MTSDS133FMS",-236456.8239502,"Federal Surplus or Deficit [-]"
2024-04-01,"MTSDS133FMS",209529.30662533,"Federal Surplus or Deficit [-]"
2024-05-01,"MTSDS133FMS",-347130.89369165,"Federal Surplus or Deficit [-]"
2024-06-01,"MTSDS133FMS",-65965.29247634,"Federal Surplus or Deficit [-]"
2024-07-01,"MTSDS133FMS",-243741.08729743,"Federal Surplus or Deficit [-]"
2024-08-01,"MTSDS133FMS",-380080.4054345,"Federal Surplus or Deficit [-]"
2024-09-01,"MTSDS133FMS",64263.00886774,"Federal Surplus or Deficit [-]"
2024-10-01,"MTSDS133FMS",-257450.34319191,"Federal Surplus or Deficit [-]"
2024-11-01,"MTSDS133FMS",-366763.06436807,"Federal Surplus or Deficit [-]"
2024-12-01,"MTSDS133FMS",-86731.61901329,"Federal Surplus or Deficit [-]"
2025-01-01,"MTSDS133FMS",-128640.20667349,"Federal Surplus or Deficit [-]"
2025-02-01,"MTSDS133FMS",-307017.19469927,"Federal Surplus or Deficit [-]"
2025-03-01,"MTSDS133FMS",-160530.32149936,"Federal Surplus or Deficit [-]"
2025-04-01,"MTSDS133FMS",258399.94911496,"Federal Surplus or Deficit [-]"
2025-05-01,"MTSDS133FMS",-316003.76118944,"Federal Surplus or Deficit [-]"
2025-06-01,"MTSDS133FMS",27010.02207777,"Federal Surplus or Deficit [-]"
2025-07-01,"MTSDS133FMS",-291142.66028767,"Federal Surplus or Deficit [-]"
2025-08-01,"MTSDS133FMS",-344791.89185812,"Federal Surplus or Deficit [-]"
2025-09-01,"MTSDS133FMS",197949.63036216,"Federal Surplus or Deficit [-]"
2025-10-01,"MTSDS133FMS",-284350.0507828,"Federal Surplus or Deficit [-]"
2025-11-01,"MTSDS133FMS",-173277.17507692,"Federal Surplus or Deficit [-]"
2025-12-01,"MTSDS133FMS",-144749.23560928,"Federal Surplus or Deficit [-]"
2026-01-01,"MTSDS133FMS",-94615.16236921,"Federal Surplus or Deficit [-]"
2026-02-01,"MTSDS133FMS",-307501.43342617,"Federal Surplus or Deficit [-]"
2026-03-01,"MTSDS133FMS",-164100.33881786,"Federal Surplus or Deficit [-]"
2026-04-01,"MTSDS133FMS",215024.14019777,"Federal Surplus or Deficit [-]"
2026-05-01,"MTSDS133FMS",-292648.46208374,"Federal Surplus or Deficit [-]"
2026-06-01,"MTSDS133FMS",-120305.27558637,"Federal Surplus or Deficit [-]"
2026-07-01,"MTSDS133FMS",-432307.87462148,"Federal Surplus or Deficit [-]"
1980-10-01,"MTSR133FMS",38923,"Total Federal Receipts"
1980-11-01,"MTSR133FMS",39175,"Total Federal Receipts"
1980-12-01,"MTSR133FMS",48904,"Total Federal Receipts"
1981-01-01,"MTSR133FMS",51147,"Total Federal Receipts"
1981-02-01,"MTSR133FMS",38129,"Total Federal Receipts"
1981-03-01,"MTSR133FMS",44357,"Total Federal Receipts"
1981-04-01,"MTSR133FMS",74188,"Total Federal Receipts"
1981-05-01,"MTSR133FMS",38243,"Total Federal Receipts"
1981-06-01,"MTSR133FMS",70429,"Total Federal Receipts"
1981-07-01,"MTSR133FMS",47829,"Total Federal Receipts"
1981-08-01,"MTSR133FMS",47669,"Total Federal Receipts"
1981-09-01,"MTSR133FMS",60279,"Total Federal Receipts"
1981-10-01,"MTSR133FMS",45467,"Total Federal Receipts"
1981-11-01,"MTSR133FMS",44317,"Total Federal Receipts"
1981-12-01,"MTSR133FMS",57407,"Total Federal Receipts"
1982-01-01,"MTSR133FMS",55269,"Total Federal Receipts"
1982-02-01,"MTSR133FMS",43042,"Total Federal Receipts"
1982-03-01,"MTSR133FMS",45291,"Total Federal Receipts"
1982-04-01,"MTSR133FMS",75777,"Total Federal Receipts"
1982-05-01,"MTSR133FMS",36753,"Total Federal Receipts"
1982-06-01,"MTSR133FMS",66353,"Total Federal Receipts"
1982-07-01,"MTSR133FMS",44675,"Total Federal Receipts"
1982-08-01,"MTSR133FMS",44924,"Total Federal Receipts"
1982-09-01,"MTSR133FMS",59694,"Total Federal Receipts"
1982-10-01,"MTSR133FMS",40539,"Total Federal Receipts"
1982-11-01,"MTSR133FMS",42007,"Total Federal Receipts"
1982-12-01,"MTSR133FMS",54498,"Total Federal Receipts"
1983-01-01,"MTSR133FMS",57505,"Total Federal Receipts"
1983-02-01,"MTSR133FMS",38816,"Total Federal Receipts"
1983-03-01,"MTSR133FMS",43504,"Total Federal Receipts"
1983-04-01,"MTSR133FMS",66234,"Total Federal Receipts"
1983-05-01,"MTSR133FMS",33755,"Total Federal Receipts"
1983-06-01,"MTSR133FMS",66517,"Total Federal Receipts"
1983-07-01,"MTSR133FMS",43948,"Total Federal Receipts"
1983-08-01,"MTSR133FMS",49683,"Total Federal Receipts"
1983-09-01,"MTSR133FMS",63556,"Total Federal Receipts"
1983-10-01,"MTSR133FMS",45157,"Total Federal Receipts"
1983-11-01,"MTSR133FMS",46202,"Total Federal Receipts"
1983-12-01,"MTSR133FMS",58044,"Total Federal Receipts"
1984-01-01,"MTSR133FMS",62537,"Total Federal Receipts"
1984-02-01,"MTSR133FMS",47886,"Total Federal Receipts"
1984-03-01,"MTSR133FMS",44464,"Total Federal Receipts"
1984-04-01,"MTSR133FMS",80180,"Total Federal Receipts"
1984-05-01,"MTSR133FMS",37459,"Total Federal Receipts"
1984-06-01,"MTSR133FMS",69282,"Total Federal Receipts"
1984-07-01,"MTSR133FMS",52017,"Total Federal Receipts"
1984-08-01,"MTSR133FMS",55209,"Total Federal Receipts"
1984-09-01,"MTSR133FMS",68019,"Total Federal Receipts"
1984-10-01,"MTSR133FMS",52251,"Total Federal Receipts"
1984-11-01,"MTSR133FMS",51494,"Total Federal Receipts"
1984-12-01,"MTSR133FMS",62404,"Total Federal Receipts"
1985-01-01,"MTSR133FMS",70454,"Total Federal Receipts"
1985-02-01,"MTSR133FMS",54049,"Total Federal Receipts"
1985-03-01,"MTSR133FMS",49613,"Total Federal Receipts"
1985-04-01,"MTSR133FMS",94599,"Total Federal Receipts"
1985-05-01,"MTSR133FMS",39794,"Total Federal Receipts"
1985-06-01,"MTSR133FMS",72151,"Total Federal Receipts"
1985-07-01,"MTSR133FMS",57650,"Total Federal Receipts"
1985-08-01,"MTSR133FMS",55781,"Total Federal Receipts"
1985-09-01,"MTSR133FMS",73811,"Total Federal Receipts"
1985-10-01,"MTSR133FMS",57886,"Total Federal Receipts"
1985-11-01,"MTSR133FMS",51166,"Total Federal Receipts"
1985-12-01,"MTSR133FMS",68196,"Total Federal Receipts"
1986-01-01,"MTSR133FMS",76698,"Total Federal Receipts"
1986-02-01,"MTSR133FMS",53370,"Total Federal Receipts"
1986-03-01,"MTSR133FMS",49557,"Total Federal Receipts"
1986-04-01,"MTSR133FMS",91438,"Total Federal Receipts"
1986-05-01,"MTSR133FMS",46246,"Total Federal Receipts"
1986-06-01,"MTSR133FMS",77024,"Total Federal Receipts"
1986-07-01,"MTSR133FMS",62974,"Total Federal Receipts"
1986-08-01,"MTSR133FMS",56523,"Total Federal Receipts"
1986-09-01,"MTSR133FMS",78013,"Total Federal Receipts"
1986-10-01,"MTSR133FMS",59012,"Total Federal Receipts"
1986-11-01,"MTSR133FMS",52967,"Total Federal Receipts"
1986-12-01,"MTSR133FMS",78035,"Total Federal Receipts"
1987-01-01,"MTSR133FMS",81771,"Total Federal Receipts"
1987-02-01,"MTSR133FMS",55463,"Total Federal Receipts"
1987-03-01,"MTSR133FMS",56515,"Total Federal Receipts"
1987-04-01,"MTSR133FMS",122897,"Total Federal Receipts"
1987-05-01,"MTSR133FMS",47691,"Total Federal Receipts"
1987-06-01,"MTSR133FMS",82945,"Total Federal Receipts"
1987-07-01,"MTSR133FMS",64223,"Total Federal Receipts"
1987-08-01,"MTSR133FMS",60213,"Total Federal Receipts"
1987-09-01,"MTSR133FMS",92410,"Total Federal Receipts"
1987-10-01,"MTSR133FMS",62295,"Total Federal Receipts"
1987-11-01,"MTSR133FMS",56915,"Total Federal Receipts"
1987-12-01,"MTSR133FMS",85469,"Total Federal Receipts"
1988-01-01,"MTSR133FMS",81740,"Total Federal Receipts"
1988-02-01,"MTSR133FMS",60279,"Total Federal Receipts"
1988-03-01,"MTSR133FMS",65664,"Total Federal Receipts"
1988-04-01,"MTSR133FMS",109266,"Total Federal Receipts"
1988-05-01,"MTSR133FMS",59635,"Total Federal Receipts"
1988-06-01,"MTSR133FMS",99140,"Total Federal Receipts"
1988-07-01,"MTSR133FMS",60631,"Total Federal Receipts"
1988-08-01,"MTSR133FMS",69390,"Total Federal Receipts"
1988-09-01,"MTSR133FMS",97742,"Total Federal Receipts"
1988-10-01,"MTSR133FMS",63582,"Total Federal Receipts"
1988-11-01,"MTSR133FMS",64330,"Total Federal Receipts"
1988-12-01,"MTSR133FMS",93655,"Total Federal Receipts"
1989-01-01,"MTSR133FMS",89306,"Total Federal Receipts"
1989-02-01,"MTSR133FMS",61897,"Total Federal Receipts"
1989-03-01,"MTSR133FMS",68205,"Total Federal Receipts"
1989-04-01,"MTSR133FMS",128892,"Total Federal Receipts"
1989-05-01,"MTSR133FMS",71025,"Total Federal Receipts"
1989-06-01,"MTSR133FMS",108249,"Total Federal Receipts"
1989-07-01,"MTSR133FMS",66191,"Total Federal Receipts"
1989-08-01,"MTSR133FMS",76136,"Total Federal Receipts"
1989-09-01,"MTSR133FMS",99233,"Total Federal Receipts"
1989-10-01,"MTSR133FMS",68420,"Total Federal Receipts"
1989-11-01,"MTSR133FMS",71174,"Total Federal Receipts"
1989-12-01,"MTSR133FMS",89122,"Total Federal Receipts"
1990-01-01,"MTSR133FMS",99524,"Total Federal Receipts"
1990-02-01,"MTSR133FMS",65141,"Total Federal Receipts"
1990-03-01,"MTSR133FMS",64805,"Total Federal Receipts"
1990-04-01,"MTSR133FMS",139604,"Total Federal Receipts"
1990-05-01,"MTSR133FMS",69186,"Total Federal Receipts"
1990-06-01,"MTSR133FMS",110601,"Total Federal Receipts"
1990-07-01,"MTSR133FMS",72329,"Total Federal Receipts"
1990-08-01,"MTSR133FMS",78462,"Total Federal Receipts"
1990-09-01,"MTSR133FMS",102939,"Total Federal Receipts"
1990-10-01,"MTSR133FMS",76986,"Total Federal Receipts"
1990-11-01,"MTSR133FMS",70507,"Total Federal Receipts"
1990-12-01,"MTSR133FMS",101900,"Total Federal Receipts"
1991-01-01,"MTSR133FMS",100713,"Total Federal Receipts"
1991-02-01,"MTSR133FMS",67657,"Total Federal Receipts"
1991-03-01,"MTSR133FMS",64805,"Total Federal Receipts"
1991-04-01,"MTSR133FMS",140380,"Total Federal Receipts"
1991-05-01,"MTSR133FMS",63560,"Total Federal Receipts"
1991-06-01,"MTSR133FMS",103389,"Total Federal Receipts"
1991-07-01,"MTSR133FMS",78593,"Total Federal Receipts"
1991-08-01,"MTSR133FMS",76426,"Total Federal Receipts"
1991-09-01,"MTSR133FMS",109350,"Total Federal Receipts"
1991-10-01,"MTSR133FMS",78065,"Total Federal Receipts"
1991-11-01,"MTSR133FMS",73095,"Total Federal Receipts"
1991-12-01,"MTSR133FMS",103636,"Total Federal Receipts"
1992-01-01,"MTSR133FMS",104031,"Total Federal Receipts"
1992-02-01,"MTSR133FMS",62747,"Total Federal Receipts"
1992-03-01,"MTSR133FMS",72127,"Total Federal Receipts"
1992-04-01,"MTSR133FMS",138351,"Total Federal Receipts"
1992-05-01,"MTSR133FMS",62184,"Total Federal Receipts"
1992-06-01,"MTSR133FMS",120878,"Total Federal Receipts"
1992-07-01,"MTSR133FMS",79050,"Total Federal Receipts"
1992-08-01,"MTSR133FMS",78101,"Total Federal Receipts"
1992-09-01,"MTSR133FMS",118189,"Total Federal Receipts"
1992-10-01,"MTSR133FMS",76829,"Total Federal Receipts"
1992-11-01,"MTSR133FMS",74629,"Total Federal Receipts"
1992-12-01,"MTSR133FMS",113686,"Total Federal Receipts"
1993-01-01,"MTSR133FMS",112716,"Total Federal Receipts"
1993-02-01,"MTSR133FMS",65979,"Total Federal Receipts"
1993-03-01,"MTSR133FMS",83288,"Total Federal Receipts"
1993-04-01,"MTSR133FMS",132017,"Total Federal Receipts"
1993-05-01,"MTSR133FMS",70642,"Total Federal Receipts"
1993-06-01,"MTSR133FMS",128570,"Total Federal Receipts"
1993-07-01,"MTSR133FMS",80630,"Total Federal Receipts"
1993-08-01,"MTSR133FMS",86737,"Total Federal Receipts"
1993-09-01,"MTSR133FMS",127504,"Total Federal Receipts"
1993-10-01,"MTSR133FMS",78662,"Total Federal Receipts"
1993-11-01,"MTSR133FMS",83102,"Total Federal Receipts"
1993-12-01,"MTSR133FMS",125403,"Total Federal Receipts"
1994-01-01,"MTSR133FMS",122961,"Total Federal Receipts"
1994-02-01,"MTSR133FMS",73186,"Total Federal Receipts"
1994-03-01,"MTSR133FMS",93107,"Total Federal Receipts"
1994-04-01,"MTSR133FMS",141321,"Total Federal Receipts"
1994-05-01,"MTSR133FMS",83541,"Total Federal Receipts"
1994-06-01,"MTSR133FMS",138119,"Total Federal Receipts"
1994-07-01,"MTSR133FMS",84822,"Total Federal Receipts"
1994-08-01,"MTSR133FMS",97333,"Total Federal Receipts"
1994-09-01,"MTSR133FMS",135894,"Total Federal Receipts"
1994-10-01,"MTSR133FMS",89098,"Total Federal Receipts"
1994-11-01,"MTSR133FMS",87748,"Total Federal Receipts"
1994-12-01,"MTSR133FMS",130886,"Total Federal Receipts"
1995-01-01,"MTSR133FMS",131877,"Total Federal Receipts"
1995-02-01,"MTSR133FMS",82620,"Total Federal Receipts"
1995-03-01,"MTSR133FMS",92608,"Total Federal Receipts"
1995-04-01,"MTSR133FMS",165472,"Total Federal Receipts"
1995-05-01,"MTSR133FMS",90481,"Total Federal Receipts"
1995-06-01,"MTSR133FMS",147945,"Total Federal Receipts"
1995-07-01,"MTSR133FMS",92823,"Total Federal Receipts"
1995-08-01,"MTSR133FMS",96640,"Total Federal Receipts"
1995-09-01,"MTSR133FMS",143298,"Total Federal Receipts"
1995-10-01,"MTSR133FMS",95593,"Total Federal Receipts"
1995-11-01,"MTSR133FMS",90086,"Total Federal Receipts"
1995-12-01,"MTSR133FMS",138347,"Total Federal Receipts"
1996-01-01,"MTSR133FMS",142999,"Total Federal Receipts"
1996-02-01,"MTSR133FMS",89428,"Total Federal Receipts"
1996-03-01,"MTSR133FMS",89087,"Total Federal Receipts"
1996-04-01,"MTSR133FMS",203468,"Total Federal Receipts"
1996-05-01,"MTSR133FMS",90122,"Total Federal Receipts"
1996-06-01,"MTSR133FMS",151995,"Total Federal Receipts"
1996-07-01,"MTSR133FMS",103893,"Total Federal Receipts"
1996-08-01,"MTSR133FMS",99996,"Total Federal Receipts"
1996-09-01,"MTSR133FMS",157670,"Total Federal Receipts"
1996-10-01,"MTSR133FMS",99656,"Total Federal Receipts"
1996-11-01,"MTSR133FMS",97850,"Total Federal Receipts"
1996-12-01,"MTSR133FMS",148488,"Total Federal Receipts"
1997-01-01,"MTSR133FMS",150718,"Total Federal Receipts"
1997-02-01,"MTSR133FMS",90293,"Total Federal Receipts"
1997-03-01,"MTSR133FMS",108074,"Total Federal Receipts"
1997-04-01,"MTSR133FMS",228588,"Total Federal Receipts"
1997-05-01,"MTSR133FMS",94493,"Total Federal Receipts"
1997-06-01,"MTSR133FMS",173361,"Total Federal Receipts"
1997-07-01,"MTSR133FMS",109178,"Total Federal Receipts"
1997-08-01,"MTSR133FMS",103483,"Total Federal Receipts"
1997-09-01,"MTSR133FMS",174772,"Total Federal Receipts"
1997-10-01,"MTSR133FMS",114898,"Total Federal Receipts"
1997-11-01,"MTSR133FMS",103481,"Total Federal Receipts"
1997-12-01,"MTSR133FMS",167998,"Total Federal Receipts"
1998-01-01,"MTSR133FMS",162610,"Total Federal Receipts"
1998-02-01,"MTSR133FMS",97952,"Total Federal Receipts"
1998-03-01,"MTSR133FMS",117930,"Total Federal Receipts"
1998-04-01,"MTSR133FMS",261002,"Total Federal Receipts"
1998-05-01,"MTSR133FMS",95278,"Total Federal Receipts"
1998-06-01,"MTSR133FMS",187858,"Total Federal Receipts"
1998-07-01,"MTSR133FMS",119723,"Total Federal Receipts"
1998-08-01,"MTSR133FMS",111741,"Total Federal Receipts"
1998-09-01,"MTSR133FMS",180995,"Total Federal Receipts"
1998-10-01,"MTSR133FMS",119974,"Total Federal Receipts"
1998-11-01,"MTSR133FMS",113978,"Total Federal Receipts"
1998-12-01,"MTSR133FMS",178646,"Total Federal Receipts"
1999-01-01,"MTSR133FMS",171728,"Total Federal Receipts"
1999-02-01,"MTSR133FMS",99502,"Total Federal Receipts"
1999-03-01,"MTSR133FMS",130416,"Total Federal Receipts"
1999-04-01,"MTSR133FMS",266229,"Total Federal Receipts"
1999-05-01,"MTSR133FMS",98663,"Total Federal Receipts"
1999-06-01,"MTSR133FMS",199507,"Total Federal Receipts"
1999-07-01,"MTSR133FMS",121923,"Total Federal Receipts"
1999-08-01,"MTSR133FMS",126324,"Total Federal Receipts"
1999-09-01,"MTSR133FMS",200413,"Total Federal Receipts"
1999-10-01,"MTSR133FMS",121035,"Total Federal Receipts"
1999-11-01,"MTSR133FMS",121375,"Total Federal Receipts"
1999-12-01,"MTSR133FMS",201196,"Total Federal Receipts"
2000-01-01,"MTSR133FMS",189478,"Total Federal Receipts"
2000-02-01,"MTSR133FMS",108675,"Total Federal Receipts"
2000-03-01,"MTSR133FMS",135582,"Total Federal Receipts"
2000-04-01,"MTSR133FMS",295151,"Total Federal Receipts"
2000-05-01,"MTSR133FMS",146002,"Total Federal Receipts"
2000-06-01,"MTSR133FMS",214875,"Total Federal Receipts"
2000-07-01,"MTSR133FMS",134074,"Total Federal Receipts"
2000-08-01,"MTSR133FMS",138128,"Total Federal Receipts"
2000-09-01,"MTSR133FMS",219490,"Total Federal Receipts"
2000-10-01,"MTSR133FMS",135836,"Total Federal Receipts"
2000-11-01,"MTSR133FMS",125666,"Total Federal Receipts"
2000-12-01,"MTSR133FMS",200489,"Total Federal Receipts"
2001-01-01,"MTSR133FMS",219215,"Total Federal Receipts"
2001-02-01,"MTSR133FMS",110481,"Total Federal Receipts"
2001-03-01,"MTSR133FMS",130074,"Total Federal Receipts"
2001-04-01,"MTSR133FMS",331796,"Total Federal Receipts"
2001-05-01,"MTSR133FMS",125590,"Total Federal Receipts"
2001-06-01,"MTSR133FMS",202887,"Total Federal Receipts"
2001-07-01,"MTSR133FMS",127842,"Total Federal Receipts"
2001-08-01,"MTSR133FMS",122559,"Total Federal Receipts"
2001-09-01,"MTSR133FMS",158611,"Total Federal Receipts"
2001-10-01,"MTSR133FMS",157163,"Total Federal Receipts"
2001-11-01,"MTSR133FMS",121233,"Total Federal Receipts"
2001-12-01,"MTSR133FMS",187914,"Total Federal Receipts"
2002-01-01,"MTSR133FMS",203452,"Total Federal Receipts"
2002-02-01,"MTSR133FMS",97962,"Total Federal Receipts"
2002-03-01,"MTSR133FMS",111220,"Total Federal Receipts"
2002-04-01,"MTSR133FMS",237426,"Total Federal Receipts"
2002-05-01,"MTSR133FMS",102496,"Total Federal Receipts"
2002-06-01,"MTSR133FMS",182633,"Total Federal Receipts"
2002-07-01,"MTSR133FMS",134409,"Total Federal Receipts"
2002-08-01,"MTSR133FMS",124619,"Total Federal Receipts"
2002-09-01,"MTSR133FMS",192698,"Total Federal Receipts"
2002-10-01,"MTSR133FMS",124543,"Total Federal Receipts"
2002-11-01,"MTSR133FMS",120017,"Total Federal Receipts"
2002-12-01,"MTSR133FMS",182787,"Total Federal Receipts"
2003-01-01,"MTSR133FMS",187884,"Total Federal Receipts"
2003-02-01,"MTSR133FMS",89477,"Total Federal Receipts"
2003-03-01,"MTSR133FMS",120358,"Total Federal Receipts"
2003-04-01,"MTSR133FMS",231160,"Total Federal Receipts"
2003-05-01,"MTSR133FMS",103411,"Total Federal Receipts"
2003-06-01,"MTSR133FMS",193043,"Total Federal Receipts"
2003-07-01,"MTSR133FMS",123551,"Total Federal Receipts"
2003-08-01,"MTSR133FMS",114243,"Total Federal Receipts"
2003-09-01,"MTSR133FMS",191632,"Total Federal Receipts"
2003-10-01,"MTSR133FMS",135825,"Total Federal Receipts"
2003-11-01,"MTSR133FMS",118207,"Total Federal Receipts"
2003-12-01,"MTSR133FMS",186730,"Total Federal Receipts"
2004-01-01,"MTSR133FMS",185169,"Total Federal Receipts"
2004-02-01,"MTSR133FMS",92009,"Total Federal Receipts"
2004-03-01,"MTSR133FMS",132425,"Total Federal Receipts"
2004-04-01,"MTSR133FMS",220091,"Total Federal Receipts"
2004-05-01,"MTSR133FMS",115450,"Total Federal Receipts"
2004-06-01,"MTSR133FMS",214382,"Total Federal Receipts"
2004-07-01,"MTSR133FMS",134415,"Total Federal Receipts"
2004-08-01,"MTSR133FMS",137729,"Total Federal Receipts"
2004-09-01,"MTSR133FMS",207351,"Total Federal Receipts"
2004-10-01,"MTSR133FMS",136896,"Total Federal Receipts"
2004-11-01,"MTSR133FMS",134547,"Total Federal Receipts"
2004-12-01,"MTSR133FMS",215749,"Total Federal Receipts"
2005-01-01,"MTSR133FMS",202217,"Total Federal Receipts"
2005-02-01,"MTSR133FMS",100871,"Total Federal Receipts"
2005-03-01,"MTSR133FMS",148759,"Total Federal Receipts"
2005-04-01,"MTSR133FMS",277614,"Total Federal Receipts"
2005-05-01,"MTSR133FMS",152731,"Total Federal Receipts"
2005-06-01,"MTSR133FMS",234808,"Total Federal Receipts"
2005-07-01,"MTSR133FMS",142092,"Total Federal Receipts"
2005-08-01,"MTSR133FMS",155438,"Total Federal Receipts"
2005-09-01,"MTSR133FMS",251628,"Total Federal Receipts"
2005-10-01,"MTSR133FMS",149488,"Total Federal Receipts"
2005-11-01,"MTSR133FMS",138840,"Total Federal Receipts"
2005-12-01,"MTSR133FMS",241883,"Total Federal Receipts"
2006-01-01,"MTSR133FMS",230010,"Total Federal Receipts"
2006-02-01,"MTSR133FMS",112853,"Total Federal Receipts"
2006-03-01,"MTSR133FMS",164563,"Total Federal Receipts"
2006-04-01,"MTSR133FMS",315090,"Total Federal Receipts"
2006-05-01,"MTSR133FMS",192657,"Total Federal Receipts"
2006-06-01,"MTSR133FMS",264355,"Total Federal Receipts"
2006-07-01,"MTSR133FMS",159761,"Total Federal Receipts"
2006-08-01,"MTSR133FMS",153878,"Total Federal Receipts"
2006-09-01,"MTSR133FMS",283298,"Total Federal Receipts"
2006-10-01,"MTSR133FMS",167693,"Total Federal Receipts"
2006-11-01,"MTSR133FMS",145866,"Total Federal Receipts"
2006-12-01,"MTSR133FMS",259969,"Total Federal Receipts"
2007-01-01,"MTSR133FMS",260609,"Total Federal Receipts"
2007-02-01,"MTSR133FMS",120312,"Total Federal Receipts"
2007-03-01,"MTSR133FMS",166490,"Total Federal Receipts"
2007-04-01,"MTSR133FMS",383641,"Total Federal Receipts"
2007-05-01,"MTSR133FMS",164239,"Total Federal Receipts"
2007-06-01,"MTSR133FMS",276517,"Total Federal Receipts"
2007-07-01,"MTSR133FMS",170439,"Total Federal Receipts"
2007-08-01,"MTSR133FMS",166545,"Total Federal Receipts"
2007-09-01,"MTSR133FMS",285354,"Total Federal Receipts"
2007-10-01,"MTSR133FMS",178175,"Total Federal Receipts"
2007-11-01,"MTSR133FMS",151055,"Total Federal Receipts"
2007-12-01,"MTSR133FMS",276982,"Total Federal Receipts"
2008-01-01,"MTSR133FMS",255217,"Total Federal Receipts"
2008-02-01,"MTSR133FMS",105723,"Total Federal Receipts"
2008-03-01,"MTSR133FMS",178816,"Total Federal Receipts"
2008-04-01,"MTSR133FMS",403751,"Total Federal Receipts"
2008-05-01,"MTSR133FMS",124272,"Total Federal Receipts"
2008-06-01,"MTSR133FMS",259912,"Total Federal Receipts"
2008-07-01,"MTSR133FMS",160494,"Total Federal Receipts"
2008-08-01,"MTSR133FMS",157016,"Total Federal Receipts"
2008-09-01,"MTSR133FMS",272228,"Total Federal Receipts"
2008-10-01,"MTSR133FMS",164827,"Total Federal Receipts"
2008-11-01,"MTSR133FMS",144769,"Total Federal Receipts"
2008-12-01,"MTSR133FMS",237786,"Total Federal Receipts"
2009-01-01,"MTSR133FMS",226090,"Total Federal Receipts"
2009-02-01,"MTSR133FMS",87312,"Total Federal Receipts"
2009-03-01,"MTSR133FMS",128926,"Total Federal Receipts"
2009-04-01,"MTSR133FMS",266206,"Total Federal Receipts"
2009-05-01,"MTSR133FMS",117217,"Total Federal Receipts"
2009-06-01,"MTSR133FMS",215340,"Total Federal Receipts"
2009-07-01,"MTSR133FMS",151481,"Total Federal Receipts"
2009-08-01,"MTSR133FMS",145529,"Total Federal Receipts"
2009-09-01,"MTSR133FMS",218880,"Total Federal Receipts"
2009-10-01,"MTSR133FMS",135293,"Total Federal Receipts"
2009-11-01,"MTSR133FMS",133563,"Total Federal Receipts"
2009-12-01,"MTSR133FMS",218919,"Total Federal Receipts"
2010-01-01,"MTSR133FMS",205239,"Total Federal Receipts"
2010-02-01,"MTSR133FMS",107520,"Total Federal Receipts"
2010-03-01,"MTSR133FMS",153358,"Total Federal Receipts"
2010-04-01,"MTSR133FMS",245260,"Total Federal Receipts"
2010-05-01,"MTSR133FMS",146794,"Total Federal Receipts"
2010-06-01,"MTSR133FMS",251048,"Total Federal Receipts"
2010-07-01,"MTSR133FMS",155546,"Total Federal Receipts"
2010-08-01,"MTSR133FMS",163998,"Total Federal Receipts"
2010-09-01,"MTSR133FMS",245207,"Total Federal Receipts"
2010-10-01,"MTSR133FMS",145951,"Total Federal Receipts"
2010-11-01,"MTSR133FMS",148970,"Total Federal Receipts"
2010-12-01,"MTSR133FMS",236875,"Total Federal Receipts"
2011-01-01,"MTSR133FMS",226550,"Total Federal Receipts"
2011-02-01,"MTSR133FMS",110656,"Total Federal Receipts"
2011-03-01,"MTSR133FMS",150894,"Total Federal Receipts"
2011-04-01,"MTSR133FMS",289543,"Total Federal Receipts"
2011-05-01,"MTSR133FMS",174936,"Total Federal Receipts"
2011-06-01,"MTSR133FMS",249658,"Total Federal Receipts"
2011-07-01,"MTSR133FMS",159063,"Total Federal Receipts"
2011-08-01,"MTSR133FMS",169246,"Total Federal Receipts"
2011-09-01,"MTSR133FMS",240153,"Total Federal Receipts"
2011-10-01,"MTSR133FMS",163072,"Total Federal Receipts"
2011-11-01,"MTSR133FMS",152402,"Total Federal Receipts"
2011-12-01,"MTSR133FMS",239963,"Total Federal Receipts"
2012-01-01,"MTSR133FMS",234319,"Total Federal Receipts"
2012-02-01,"MTSR133FMS",103413,"Total Federal Receipts"
2012-03-01,"MTSR133FMS",171215,"Total Federal Receipts"
2012-04-01,"MTSR133FMS",318807,"Total Federal Receipts"
2012-05-01,"MTSR133FMS",180713,"Total Federal Receipts"
2012-06-01,"MTSR133FMS",260177,"Total Federal Receipts"
2012-07-01,"MTSR133FMS",184585,"Total Federal Receipts"
2012-08-01,"MTSR133FMS",178860,"Total Federal Receipts"
2012-09-01,"MTSR133FMS",261566,"Total Federal Receipts"
2012-10-01,"MTSR133FMS",184316,"Total Federal Receipts"
2012-11-01,"MTSR133FMS",161730,"Total Federal Receipts"
2012-12-01,"MTSR133FMS",269508,"Total Federal Receipts"
2013-01-01,"MTSR133FMS",272225,"Total Federal Receipts"
2013-02-01,"MTSR133FMS",122815,"Total Federal Receipts"
2013-03-01,"MTSR133FMS",186018,"Total Federal Receipts"
2013-04-01,"MTSR133FMS",406723,"Total Federal Receipts"
2013-05-01,"MTSR133FMS",197182,"Total Federal Receipts"
2013-06-01,"MTSR133FMS",286627,"Total Federal Receipts"
2013-07-01,"MTSR133FMS",200030,"Total Federal Receipts"
2013-08-01,"MTSR133FMS",185370,"Total Federal Receipts"
2013-09-01,"MTSR133FMS",301469,"Total Federal Receipts"
2013-10-01,"MTSR133FMS",198927,"Total Federal Receipts"
2013-11-01,"MTSR133FMS",182453,"Total Federal Receipts"
2013-12-01,"MTSR133FMS",285041,"Total Federal Receipts"
2014-01-01,"MTSR133FMS",295997,"Total Federal Receipts"
2014-02-01,"MTSR133FMS",144349,"Total Federal Receipts"
2014-03-01,"MTSR133FMS",215846,"Total Federal Receipts"
2014-04-01,"MTSR133FMS",414237,"Total Federal Receipts"
2014-05-01,"MTSR133FMS",199889,"Total Federal Receipts"
2014-06-01,"MTSR133FMS",323646,"Total Federal Receipts"
2014-07-01,"MTSR133FMS",214493,"Total Federal Receipts"
2014-08-01,"MTSR133FMS",194248,"Total Federal Receipts"
2014-09-01,"MTSR133FMS",351245,"Total Federal Receipts"
2014-10-01,"MTSR133FMS",212719,"Total Federal Receipts"
2014-11-01,"MTSR133FMS",191436,"Total Federal Receipts"
2014-12-01,"MTSR133FMS",335327,"Total Federal Receipts"
2015-01-01,"MTSR133FMS",306742,"Total Federal Receipts"
2015-02-01,"MTSR133FMS",139388,"Total Federal Receipts"
2015-03-01,"MTSR133FMS",234187.33790369,"Total Federal Receipts"
2015-04-01,"MTSR133FMS",471801.24079052,"Total Federal Receipts"
2015-05-01,"MTSR133FMS",212385.82741769,"Total Federal Receipts"
2015-06-01,"MTSR133FMS",342933.05336078,"Total Federal Receipts"
2015-07-01,"MTSR133FMS",225493.36746768,"Total Federal Receipts"
2015-08-01,"MTSR133FMS",210836.83720587,"Total Federal Receipts"
2015-09-01,"MTSR133FMS",365472.83974624,"Total Federal Receipts"
2015-10-01,"MTSR133FMS",211046.24538874,"Total Federal Receipts"
2015-11-01,"MTSR133FMS",204967.79993462,"Total Federal Receipts"
2015-12-01,"MTSR133FMS",349630.7127964,"Total Federal Receipts"
2016-01-01,"MTSR133FMS",313578.98108118,"Total Federal Receipts"
2016-02-01,"MTSR133FMS",169146.8555152,"Total Federal Receipts"
2016-03-01,"MTSR133FMS",227847.82696133,"Total Federal Receipts"
2016-04-01,"MTSR133FMS",438432.34443453,"Total Federal Receipts"
2016-05-01,"MTSR133FMS",224603.43139644,"Total Federal Receipts"
2016-06-01,"MTSR133FMS",329572.2227441,"Total Federal Receipts"
2016-07-01,"MTSR133FMS",209997.66423595,"Total Federal Receipts"
2016-08-01,"MTSR133FMS",231326.81209357,"Total Federal Receipts"
2016-09-01,"MTSR133FMS",356537.3652038,"Total Federal Receipts"
2016-10-01,"MTSR133FMS",221692.06817095,"Total Federal Receipts"
2016-11-01,"MTSR133FMS",199874.95420026,"Total Federal Receipts"
2016-12-01,"MTSR133FMS",319204.13414929,"Total Federal Receipts"
2017-01-01,"MTSR133FMS",344069.28512822,"Total Federal Receipts"
2017-02-01,"MTSR133FMS",171712.65249269,"Total Federal Receipts"
2017-03-01,"MTSR133FMS",216583.55442819,"Total Federal Receipts"
2017-04-01,"MTSR133FMS",455605.37680189,"Total Federal Receipts"
2017-05-01,"MTSR133FMS",240417.97493252,"Total Federal Receipts"
2017-06-01,"MTSR133FMS",338660.48771346,"Total Federal Receipts"
2017-07-01,"MTSR133FMS",232040.14845361,"Total Federal Receipts"
2017-08-01,"MTSR133FMS",226310.9692925,"Total Federal Receipts"
2017-09-01,"MTSR133FMS",348722.2987606,"Total Federal Receipts"
2017-10-01,"MTSR133FMS",235340.6507757,"Total Federal Receipts"
2017-11-01,"MTSR133FMS",208374.26217438,"Total Federal Receipts"
2017-12-01,"MTSR133FMS",325796.89024997,"Total Federal Receipts"
2018-01-01,"MTSR133FMS",361037.59078662,"Total Federal Receipts"
2018-02-01,"MTSR133FMS",155622.71704989,"Total Federal Receipts"
2018-03-01,"MTSR133FMS",210832.36951395,"Total Federal Receipts"
2018-04-01,"MTSR133FMS",510446.66827094,"Total Federal Receipts"
2018-05-01,"MTSR133FMS",217074.93789433,"Total Federal Receipts"
2018-06-01,"MTSR133FMS",316278.19410158,"Total Federal Receipts"
2018-07-01,"MTSR133FMS",225266.2228121,"Total Federal Receipts"
2018-08-01,"MTSR133FMS",219115.2661277,"Total Federal Receipts"
2018-09-01,"MTSR133FMS",343559.34421695,"Total Federal Receipts"
2018-10-01,"MTSR133FMS",252691.52687881,"Total Federal Receipts"
2018-11-01,"MTSR133FMS",205961.1285743,"Total Federal Receipts"
2018-12-01,"MTSR133FMS",312584.03825833,"Total Federal Receipts"
2019-01-01,"MTSR133FMS",339980.04864238,"Total Federal Receipts"
2019-02-01,"MTSR133FMS",167265.46817881,"Total Federal Receipts"
2019-03-01,"MTSR133FMS",228811.23048896,"Total Federal Receipts"
2019-04-01,"MTSR133FMS",535544.53037559,"Total Federal Receipts"
2019-05-01,"MTSR133FMS",232064.49802377,"Total Federal Receipts"
2019-06-01,"MTSR133FMS",333952.33251376,"Total Federal Receipts"
2019-07-01,"MTSR133FMS",251347.78713194,"Total Federal Receipts"
2019-08-01,"MTSR133FMS",227964.97758522,"Total Federal Receipts"
2019-09-01,"MTSR133FMS",374028.15736242,"Total Federal Receipts"
2019-10-01,"MTSR133FMS",245520.1578389,"Total Federal Receipts"
2019-11-01,"MTSR133FMS",225185.41549728,"Total Federal Receipts"
2019-12-01,"MTSR133FMS",335805.40148489,"Total Federal Receipts"
2020-01-01,"MTSR133FMS",372287.9137687,"Total Federal Receipts"
2020-02-01,"MTSR133FMS",187950.53965005,"Total Federal Receipts"
2020-03-01,"MTSR133FMS",236766.2315318,"Total Federal Receipts"
2020-04-01,"MTSR133FMS",241863.00831592,"Total Federal Receipts"
2020-05-01,"MTSR133FMS",173860.55693857,"Total Federal Receipts"
2020-06-01,"MTSR133FMS",240828.66835271,"Total Federal Receipts"
2020-07-01,"MTSR133FMS",563495.66314069,"Total Federal Receipts"
2020-08-01,"MTSR133FMS",223221.27701017,"Total Federal Receipts"
2020-09-01,"MTSR133FMS",373169.34681225,"Total Federal Receipts"
2020-10-01,"MTSR133FMS",237697.9664071,"Total Federal Receipts"
2020-11-01,"MTSR133FMS",219552.5955881,"Total Federal Receipts"
2020-12-01,"MTSR133FMS",346119.22839691,"Total Federal Receipts"
2021-01-01,"MTSR133FMS",384650.77895812,"Total Federal Receipts"
2021-02-01,"MTSR133FMS",248314.05677618,"Total Federal Receipts"
2021-03-01,"MTSR133FMS",267614.31908325,"Total Federal Receipts"
2021-04-01,"MTSR133FMS",439186.19531248,"Total Federal Receipts"
2021-05-01,"MTSR133FMS",463744.88835377,"Total Federal Receipts"
2021-06-01,"MTSR133FMS",449198.66648473,"Total Federal Receipts"
2021-07-01,"MTSR133FMS",261999.69961961,"Total Federal Receipts"
2021-08-01,"MTSR133FMS",268378.08289779,"Total Federal Receipts"
2021-09-01,"MTSR133FMS",459523.08995015,"Total Federal Receipts"
2021-10-01,"MTSR133FMS",283927.36122257,"Total Federal Receipts"
2021-11-01,"MTSR133FMS",281208.03182982,"Total Federal Receipts"
2021-12-01,"MTSR133FMS",486737.90155754,"Total Federal Receipts"
2022-01-01,"MTSR133FMS",465078.77224749,"Total Federal Receipts"
2022-02-01,"MTSR133FMS",289885.7434489,"Total Federal Receipts"
2022-03-01,"MTSR133FMS",315172.15616472,"Total Federal Receipts"
2022-04-01,"MTSR133FMS",863648.6085631,"Total Federal Receipts"
2022-05-01,"MTSR133FMS",388993.14779319,"Total Federal Receipts"
2022-06-01,"MTSR133FMS",460761.41186746,"Total Federal Receipts"
2022-07-01,"MTSR133FMS",269335.05389158,"Total Federal Receipts"
2022-08-01,"MTSR133FMS",303726.40059484,"Total Federal Receipts"
2022-09-01,"MTSR133FMS",487722.88823204,"Total Federal Receipts"
2022-10-01,"MTSR133FMS",318576.40766087,"Total Federal Receipts"
2022-11-01,"MTSR133FMS",252110.8089824,"Total Federal Receipts"
2022-12-01,"MTSR133FMS",454942.37165952,"Total Federal Receipts"
2023-01-01,"MTSR133FMS",447288.31796229,"Total Federal Receipts"
2023-02-01,"MTSR133FMS",262113.90949588,"Total Federal Receipts"
2023-03-01,"MTSR133FMS",313240.36441241,"Total Federal Receipts"
2023-04-01,"MTSR133FMS",638520.36115851,"Total Federal Receipts"
2023-05-01,"MTSR133FMS",307486.88035041,"Total Federal Receipts"
2023-06-01,"MTSR133FMS",418316.90236896,"Total Federal Receipts"
2023-07-01,"MTSR133FMS",276160.85414385,"Total Federal Receipts"
2023-08-01,"MTSR133FMS",283130.20615726,"Total Federal Receipts"
2023-09-01,"MTSR133FMS",467472.68336996,"Total Federal Receipts"
2023-10-01,"MTSR133FMS",403433.5409198,"Total Federal Receipts"
2023-11-01,"MTSR133FMS",274830.03578115,"Total Federal Receipts"
2023-12-01,"MTSR133FMS",429310.65456608,"Total Federal Receipts"
2024-01-01,"MTSR133FMS",477319.65545716,"Total Federal Receipts"
2024-02-01,"MTSR133FMS",271126.06875909,"Total Federal Receipts"
2024-03-01,"MTSR133FMS",332091.00914801,"Total Federal Receipts"
2024-04-01,"MTSR133FMS",776198.09317694,"Total Federal Receipts"
2024-05-01,"MTSR133FMS",323646.9869784,"Total Federal Receipts"
2024-06-01,"MTSR133FMS",466254.91840716,"Total Federal Receipts"
2024-07-01,"MTSR133FMS",330377.42830009,"Total Federal Receipts"
2024-08-01,"MTSR133FMS",306539.73701932,"Total Federal Receipts"
2024-09-01,"MTSR133FMS",527619.71097708,"Total Federal Receipts"
2024-10-01,"MTSR133FMS",326770.2360581,"Total Federal Receipts"
2024-11-01,"MTSR133FMS",301754.29981279,"Total Federal Receipts"
2024-12-01,"MTSR133FMS",454414.70849147,"Total Federal Receipts"
2025-01-01,"MTSR133FMS",513294.34265193,"Total Federal Receipts"
2025-02-01,"MTSR133FMS",296423.68382257,"Total Federal Receipts"
2025-03-01,"MTSR133FMS",367635.17099032,"Total Federal Receipts"
2025-04-01,"MTSR133FMS",850169.31777281,"Total Federal Receipts"
2025-05-01,"MTSR133FMS",371228.85711076,"Total Federal Receipts"
2025-06-01,"MTSR133FMS",526445.35175697,"Total Federal Receipts"
2025-07-01,"MTSR133FMS",338491.84842317,"Total Federal Receipts"
2025-08-01,"MTSR133FMS",344315.32201032,"Total Federal Receipts"
2025-09-01,"MTSR133FMS",543662.98746122,"Total Federal Receipts"
2025-10-01,"MTSR133FMS",404371.3489737,"Total Federal Receipts"
2025-11-01,"MTSR133FMS",336001.19570996,"Total Federal Receipts"
2025-12-01,"MTSR133FMS",484384.01553925,"Total Federal Receipts"
2026-01-01,"MTSR133FMS",559935.44593071,"Total Federal Receipts"
2026-02-01,"MTSR133FMS",313121.68524684,"Total Federal Receipts"
2026-03-01,"MTSR133FMS",384862.57703579,"Total Federal Receipts"
2026-04-01,"MTSR133FMS",837340.12424853,"Total Federal Receipts"
2026-05-01,"MTSR133FMS",335512.18322742,"Total Federal Receipts"
2026-06-01,"MTSR133FMS",495761.4815687,"Total Federal Receipts"
2026-07-01,"MTSR133FMS",334009.87555579,"Total Federal Receipts"
1980-10-01,"MTSO133FMS",55843,"Total Federal Outlays"
1980-11-01,"MTSO133FMS",48083,"Total Federal Outlays"
1980-12-01,"MTSO133FMS",50869,"Total Federal Outlays"
1981-01-01,"MTSO133FMS",63339,"Total Federal Outlays"
1981-02-01,"MTSO133FMS",53749,"Total Federal Outlays"
1981-03-01,"MTSO133FMS",53938,"Total Federal Outlays"
1981-04-01,"MTSO133FMS",56999,"Total Federal Outlays"
1981-05-01,"MTSO133FMS",54414,"Total Federal Outlays"
1981-06-01,"MTSO133FMS",55066,"Total Federal Outlays"
1981-07-01,"MTSO133FMS",58172,"Total Federal Outlays"
1981-08-01,"MTSO133FMS",52788,"Total Federal Outlays"
1981-09-01,"MTSO133FMS",53944,"Total Federal Outlays"
1981-10-01,"MTSO133FMS",63573,"Total Federal Outlays"
1981-11-01,"MTSO133FMS",54959,"Total Federal Outlays"
1981-12-01,"MTSO133FMS",76875,"Total Federal Outlays"
1982-01-01,"MTSO133FMS",45930,"Total Federal Outlays"
1982-02-01,"MTSO133FMS",57822,"Total Federal Outlays"
1982-03-01,"MTSO133FMS",63546,"Total Federal Outlays"
1982-04-01,"MTSO133FMS",66073,"Total Federal Outlays"
1982-05-01,"MTSO133FMS",55683,"Total Federal Outlays"
1982-06-01,"MTSO133FMS",59629,"Total Federal Outlays"
1982-07-01,"MTSO133FMS",64506,"Total Federal Outlays"
1982-08-01,"MTSO133FMS",59628,"Total Federal Outlays"
1982-09-01,"MTSO133FMS",61403,"Total Federal Outlays"
1982-10-01,"MTSO133FMS",66708,"Total Federal Outlays"
1982-11-01,"MTSO133FMS",66166,"Total Federal Outlays"
1982-12-01,"MTSO133FMS",72436,"Total Federal Outlays"
1983-01-01,"MTSO133FMS",67087,"Total Federal Outlays"
1983-02-01,"MTSO133FMS",64152,"Total Federal Outlays"
1983-03-01,"MTSO133FMS",69540,"Total Federal Outlays"
1983-04-01,"MTSO133FMS",69542,"Total Federal Outlays"
1983-05-01,"MTSO133FMS",63040,"Total Federal Outlays"
1983-06-01,"MTSO133FMS",63116,"Total Federal Outlays"
1983-07-01,"MTSO133FMS",65360,"Total Federal Outlays"
1983-08-01,"MTSO133FMS",67160,"Total Federal Outlays"
1983-09-01,"MTSO133FMS",61610,"Total Federal Outlays"
1983-10-01,"MTSO133FMS",70226,"Total Federal Outlays"
1983-11-01,"MTSO133FMS",67794,"Total Federal Outlays"
1983-12-01,"MTSO133FMS",74705,"Total Federal Outlays"
1984-01-01,"MTSO133FMS",68052,"Total Federal Outlays"
1984-02-01,"MTSO133FMS",68267,"Total Federal Outlays"
1984-03-01,"MTSO133FMS",73020,"Total Federal Outlays"
1984-04-01,"MTSO133FMS",68687,"Total Federal Outlays"
1984-05-01,"MTSO133FMS",71391,"Total Federal Outlays"
1984-06-01,"MTSO133FMS",71283,"Total Federal Outlays"
1984-07-01,"MTSO133FMS",68432,"Total Federal Outlays"
1984-08-01,"MTSO133FMS",88707,"Total Federal Outlays"
1984-09-01,"MTSO133FMS",51234,"Total Federal Outlays"
1984-10-01,"MTSO133FMS",80260,"Total Federal Outlays"
1984-11-01,"MTSO133FMS",80390,"Total Federal Outlays"
1984-12-01,"MTSO133FMS",76971,"Total Federal Outlays"
1985-01-01,"MTSO133FMS",78446,"Total Federal Outlays"
1985-02-01,"MTSO133FMS",75101,"Total Federal Outlays"
1985-03-01,"MTSO133FMS",79115,"Total Federal Outlays"
1985-04-01,"MTSO133FMS",83214,"Total Federal Outlays"
1985-05-01,"MTSO133FMS",81791,"Total Federal Outlays"
1985-06-01,"MTSO133FMS",73559,"Total Federal Outlays"
1985-07-01,"MTSO133FMS",79183,"Total Federal Outlays"
1985-08-01,"MTSO133FMS",83378,"Total Federal Outlays"
1985-09-01,"MTSO133FMS",74575,"Total Federal Outlays"
1985-10-01,"MTSO133FMS",84973,"Total Federal Outlays"
1985-11-01,"MTSO133FMS",84551,"Total Federal Outlays"
1985-12-01,"MTSO133FMS",82853,"Total Federal Outlays"
1986-01-01,"MTSO133FMS",83189,"Total Federal Outlays"
1986-02-01,"MTSO133FMS",77950,"Total Federal Outlays"
1986-03-01,"MTSO133FMS",79700,"Total Federal Outlays"
1986-04-01,"MTSO133FMS",81510,"Total Federal Outlays"
1986-05-01,"MTSO133FMS",85642,"Total Federal Outlays"
1986-06-01,"MTSO133FMS",78067,"Total Federal Outlays"
1986-07-01,"MTSO133FMS",85278,"Total Federal Outlays"
1986-08-01,"MTSO133FMS",84579,"Total Federal Outlays"
1986-09-01,"MTSO133FMS",81939,"Total Federal Outlays"
1986-10-01,"MTSO133FMS",84302,"Total Federal Outlays"
1986-11-01,"MTSO133FMS",80054,"Total Federal Outlays"
1986-12-01,"MTSO133FMS",90404,"Total Federal Outlays"
1987-01-01,"MTSO133FMS",83928,"Total Federal Outlays"
1987-02-01,"MTSO133FMS",83842,"Total Federal Outlays"
1987-03-01,"MTSO133FMS",84446,"Total Federal Outlays"
1987-04-01,"MTSO133FMS",84155,"Total Federal Outlays"
1987-05-01,"MTSO133FMS",83328,"Total Federal Outlays"
1987-06-01,"MTSO133FMS",83568,"Total Federal Outlays"
1987-07-01,"MTSO133FMS",86562,"Total Federal Outlays"
1987-08-01,"MTSO133FMS",82009,"Total Federal Outlays"
1987-09-01,"MTSO133FMS",77206,"Total Federal Outlays"
1987-10-01,"MTSO133FMS",93105,"Total Federal Outlays"
1987-11-01,"MTSO133FMS",83937,"Total Federal Outlays"
1987-12-01,"MTSO133FMS",109833,"Total Federal Outlays"
1988-01-01,"MTSO133FMS",65844,"Total Federal Outlays"
1988-02-01,"MTSO133FMS",84344,"Total Federal Outlays"
1988-03-01,"MTSO133FMS",94947,"Total Federal Outlays"
1988-04-01,"MTSO133FMS",95497,"Total Federal Outlays"
1988-05-01,"MTSO133FMS",82218,"Total Federal Outlays"
1988-06-01,"MTSO133FMS",90006,"Total Federal Outlays"
1988-07-01,"MTSO133FMS",83549,"Total Federal Outlays"
1988-08-01,"MTSO133FMS",92468,"Total Federal Outlays"
1988-09-01,"MTSO133FMS",87569,"Total Federal Outlays"
1988-10-01,"MTSO133FMS",90587,"Total Federal Outlays"
1988-11-01,"MTSO133FMS",93470,"Total Federal Outlays"
1988-12-01,"MTSO133FMS",106446,"Total Federal Outlays"
1989-01-01,"MTSO133FMS",86509,"Total Federal Outlays"
1989-02-01,"MTSO133FMS",89769,"Total Federal Outlays"
1989-03-01,"MTSO133FMS",103988,"Total Federal Outlays"
1989-04-01,"MTSO133FMS",88237,"Total Federal Outlays"
1989-05-01,"MTSO133FMS",96458,"Total Federal Outlays"
1989-06-01,"MTSO133FMS",100464,"Total Federal Outlays"
1989-07-01,"MTSO133FMS",84428,"Total Federal Outlays"
1989-08-01,"MTSO133FMS",98286,"Total Federal Outlays"
1989-09-01,"MTSO133FMS",105378,"Total Federal Outlays"
1989-10-01,"MTSO133FMS",94503,"Total Federal Outlays"
1989-11-01,"MTSO133FMS",100906,"Total Federal Outlays"
1989-12-01,"MTSO133FMS",103893,"Total Federal Outlays"
1990-01-01,"MTSO133FMS",91242,"Total Federal Outlays"
1990-02-01,"MTSO133FMS",100348,"Total Federal Outlays"
1990-03-01,"MTSO133FMS",118128,"Total Federal Outlays"
1990-04-01,"MTSO133FMS",97775,"Total Federal Outlays"
1990-05-01,"MTSO133FMS",111668,"Total Federal Outlays"
1990-06-01,"MTSO133FMS",121706,"Total Federal Outlays"
1990-07-01,"MTSO133FMS",98253,"Total Federal Outlays"
1990-08-01,"MTSO133FMS",131181,"Total Federal Outlays"
1990-09-01,"MTSO133FMS",82171,"Total Federal Outlays"
1990-10-01,"MTSO133FMS",108350,"Total Federal Outlays"
1990-11-01,"MTSO133FMS",118230,"Total Federal Outlays"
1990-12-01,"MTSO133FMS",109287,"Total Federal Outlays"
1991-01-01,"MTSO133FMS",99062,"Total Federal Outlays"
1991-02-01,"MTSO133FMS",93848,"Total Federal Outlays"
1991-03-01,"MTSO133FMS",105978,"Total Federal Outlays"
1991-04-01,"MTSO133FMS",110371,"Total Federal Outlays"
1991-05-01,"MTSO133FMS",116926,"Total Federal Outlays"
1991-06-01,"MTSO133FMS",105968,"Total Federal Outlays"
1991-07-01,"MTSO133FMS",119424,"Total Federal Outlays"
1991-08-01,"MTSO133FMS",120075,"Total Federal Outlays"
1991-09-01,"MTSO133FMS",116237,"Total Federal Outlays"
1991-10-01,"MTSO133FMS",114659,"Total Federal Outlays"
1991-11-01,"MTSO133FMS",117779,"Total Federal Outlays"
1991-12-01,"MTSO133FMS",106170,"Total Federal Outlays"
1992-01-01,"MTSO133FMS",119699,"Total Federal Outlays"
1992-02-01,"MTSO133FMS",111927,"Total Federal Outlays"
1992-03-01,"MTSO133FMS",122839,"Total Federal Outlays"
1992-04-01,"MTSO133FMS",123748,"Total Federal Outlays"
1992-05-01,"MTSO133FMS",108957,"Total Federal Outlays"
1992-06-01,"MTSO133FMS",117096,"Total Federal Outlays"
1992-07-01,"MTSO133FMS",122197,"Total Federal Outlays"
1992-08-01,"MTSO133FMS",102843,"Total Federal Outlays"
1992-09-01,"MTSO133FMS",112879,"Total Federal Outlays"
1992-10-01,"MTSO133FMS",125620,"Total Federal Outlays"
1992-11-01,"MTSO133FMS",107355,"Total Federal Outlays"
1992-12-01,"MTSO133FMS",152633,"Total Federal Outlays"
1993-01-01,"MTSO133FMS",82899,"Total Federal Outlays"
1993-02-01,"MTSO133FMS",114477,"Total Federal Outlays"
1993-03-01,"MTSO133FMS",127263,"Total Federal Outlays"
1993-04-01,"MTSO133FMS",124200,"Total Federal Outlays"
1993-05-01,"MTSO133FMS",107605,"Total Federal Outlays"
1993-06-01,"MTSO133FMS",117471,"Total Federal Outlays"
1993-07-01,"MTSO133FMS",120207,"Total Federal Outlays"
1993-08-01,"MTSO133FMS",109815,"Total Federal Outlays"
1993-09-01,"MTSO133FMS",118987,"Total Federal Outlays"
1993-10-01,"MTSO133FMS",124085,"Total Federal Outlays"
1993-11-01,"MTSO133FMS",121483,"Total Federal Outlays"
1993-12-01,"MTSO133FMS",133108,"Total Federal Outlays"
1994-01-01,"MTSO133FMS",107713,"Total Federal Outlays"
1994-02-01,"MTSO133FMS",114752,"Total Federal Outlays"
1994-03-01,"MTSO133FMS",125422,"Total Federal Outlays"
1994-04-01,"MTSO133FMS",123867,"Total Federal Outlays"
1994-05-01,"MTSO133FMS",115597,"Total Federal Outlays"
1994-06-01,"MTSO133FMS",123269,"Total Federal Outlays"
1994-07-01,"MTSO133FMS",118020,"Total Federal Outlays"
1994-08-01,"MTSO133FMS",121608,"Total Federal Outlays"
1994-09-01,"MTSO133FMS",131628,"Total Federal Outlays"
1994-10-01,"MTSO133FMS",120441,"Total Federal Outlays"
1994-11-01,"MTSO133FMS",124991,"Total Federal Outlays"
1994-12-01,"MTSO133FMS",135689,"Total Federal Outlays"
1995-01-01,"MTSO133FMS",116243,"Total Federal Outlays"
1995-02-01,"MTSO133FMS",120977,"Total Federal Outlays"
1995-03-01,"MTSO133FMS",143152,"Total Federal Outlays"
1995-04-01,"MTSO133FMS",115751,"Total Federal Outlays"
1995-05-01,"MTSO133FMS",130035,"Total Federal Outlays"
1995-06-01,"MTSO133FMS",135131,"Total Federal Outlays"
1995-07-01,"MTSO133FMS",106406,"Total Federal Outlays"
1995-08-01,"MTSO133FMS",130489,"Total Federal Outlays"
1995-09-01,"MTSO133FMS",136107,"Total Federal Outlays"
1995-10-01,"MTSO133FMS",118352,"Total Federal Outlays"
1995-11-01,"MTSO133FMS",128538,"Total Federal Outlays"
1995-12-01,"MTSO133FMS",133064,"Total Federal Outlays"
1996-01-01,"MTSO133FMS",123543,"Total Federal Outlays"
1996-02-01,"MTSO133FMS",133775,"Total Federal Outlays"
1996-03-01,"MTSO133FMS",136158,"Total Federal Outlays"
1996-04-01,"MTSO133FMS",131064,"Total Federal Outlays"
1996-05-01,"MTSO133FMS",143173,"Total Federal Outlays"
1996-06-01,"MTSO133FMS",117655,"Total Federal Outlays"
1996-07-01,"MTSO133FMS",130749,"Total Federal Outlays"
1996-08-01,"MTSO133FMS",141828,"Total Federal Outlays"
1996-09-01,"MTSO133FMS",122412,"Total Federal Outlays"
1996-10-01,"MTSO133FMS",139461,"Total Federal Outlays"
1996-11-01,"MTSO133FMS",135728,"Total Federal Outlays"
1996-12-01,"MTSO133FMS",129999,"Total Federal Outlays"
1997-01-01,"MTSO133FMS",137354,"Total Federal Outlays"
1997-02-01,"MTSO133FMS",134303,"Total Federal Outlays"
1997-03-01,"MTSO133FMS",129397,"Total Federal Outlays"
1997-04-01,"MTSO133FMS",134649,"Total Federal Outlays"
1997-05-01,"MTSO133FMS",142988,"Total Federal Outlays"
1997-06-01,"MTSO133FMS",118726,"Total Federal Outlays"
1997-07-01,"MTSO133FMS",134802,"Total Federal Outlays"
1997-08-01,"MTSO133FMS",138672,"Total Federal Outlays"
1997-09-01,"MTSO133FMS",124832,"Total Federal Outlays"
1997-10-01,"MTSO133FMS",150866,"Total Federal Outlays"
1997-11-01,"MTSO133FMS",120830,"Total Federal Outlays"
1997-12-01,"MTSO133FMS",154359,"Total Federal Outlays"
1998-01-01,"MTSO133FMS",137231,"Total Federal Outlays"
1998-02-01,"MTSO133FMS",139701,"Total Federal Outlays"
1998-03-01,"MTSO133FMS",131743,"Total Federal Outlays"
1998-04-01,"MTSO133FMS",136400,"Total Federal Outlays"
1998-05-01,"MTSO133FMS",134057,"Total Federal Outlays"
1998-06-01,"MTSO133FMS",136752,"Total Federal Outlays"
1998-07-01,"MTSO133FMS",143807,"Total Federal Outlays"
1998-08-01,"MTSO133FMS",122907,"Total Federal Outlays"
1998-09-01,"MTSO133FMS",143569,"Total Federal Outlays"
1998-10-01,"MTSO133FMS",152413,"Total Federal Outlays"
1998-11-01,"MTSO133FMS",130915,"Total Federal Outlays"
1998-12-01,"MTSO133FMS",183803,"Total Federal Outlays"
1999-01-01,"MTSO133FMS",101223,"Total Federal Outlays"
1999-02-01,"MTSO133FMS",141839,"Total Federal Outlays"
1999-03-01,"MTSO133FMS",152825,"Total Federal Outlays"
1999-04-01,"MTSO133FMS",152770,"Total Federal Outlays"
1999-05-01,"MTSO133FMS",122631,"Total Federal Outlays"
1999-06-01,"MTSO133FMS",145939,"Total Federal Outlays"
1999-07-01,"MTSO133FMS",147086,"Total Federal Outlays"
1999-08-01,"MTSO133FMS",129127,"Total Federal Outlays"
1999-09-01,"MTSO133FMS",142371,"Total Federal Outlays"
1999-10-01,"MTSO133FMS",147361,"Total Federal Outlays"
1999-11-01,"MTSO133FMS",148406,"Total Federal Outlays"
1999-12-01,"MTSO133FMS",168114,"Total Federal Outlays"
2000-01-01,"MTSO133FMS",127326,"Total Federal Outlays"
2000-02-01,"MTSO133FMS",150409,"Total Federal Outlays"
2000-03-01,"MTSO133FMS",170962,"Total Federal Outlays"
2000-04-01,"MTSO133FMS",135653,"Total Federal Outlays"
2000-05-01,"MTSO133FMS",149612,"Total Federal Outlays"
2000-06-01,"MTSO133FMS",158986,"Total Federal Outlays"
2000-07-01,"MTSO133FMS",129013,"Total Federal Outlays"
2000-08-01,"MTSO133FMS",148555,"Total Federal Outlays"
2000-09-01,"MTSO133FMS",153743,"Total Federal Outlays"
2000-10-01,"MTSO133FMS",147156,"Total Federal Outlays"
2000-11-01,"MTSO133FMS",149356,"Total Federal Outlays"
2000-12-01,"MTSO133FMS",167823,"Total Federal Outlays"
2001-01-01,"MTSO133FMS",142836,"Total Federal Outlays"
2001-02-01,"MTSO133FMS",158649,"Total Federal Outlays"
2001-03-01,"MTSO133FMS",180736,"Total Federal Outlays"
2001-04-01,"MTSO133FMS",141999,"Total Federal Outlays"
2001-05-01,"MTSO133FMS",153508,"Total Federal Outlays"
2001-06-01,"MTSO133FMS",171025,"Total Federal Outlays"
2001-07-01,"MTSO133FMS",125022,"Total Federal Outlays"
2001-08-01,"MTSO133FMS",202549,"Total Federal Outlays"
2001-09-01,"MTSO133FMS",123110,"Total Federal Outlays"
2001-10-01,"MTSO133FMS",164819,"Total Federal Outlays"
2001-11-01,"MTSO133FMS",175500,"Total Federal Outlays"
2001-12-01,"MTSO133FMS",161347,"Total Federal Outlays"
2002-01-01,"MTSO133FMS",159723,"Total Federal Outlays"
2002-02-01,"MTSO133FMS",174018,"Total Federal Outlays"
2002-03-01,"MTSO133FMS",175458,"Total Federal Outlays"
2002-04-01,"MTSO133FMS",170257,"Total Federal Outlays"
2002-05-01,"MTSO133FMS",183127,"Total Federal Outlays"
2002-06-01,"MTSO133FMS",153562,"Total Federal Outlays"
2002-07-01,"MTSO133FMS",163568,"Total Federal Outlays"
2002-08-01,"MTSO133FMS",179328,"Total Federal Outlays"
2002-09-01,"MTSO133FMS",150310,"Total Federal Outlays"
2002-10-01,"MTSO133FMS",178615,"Total Federal Outlays"
2002-11-01,"MTSO133FMS",178901,"Total Federal Outlays"
2002-12-01,"MTSO133FMS",178069,"Total Federal Outlays"
2003-01-01,"MTSO133FMS",177251,"Total Federal Outlays"
2003-02-01,"MTSO133FMS",186140,"Total Federal Outlays"
2003-03-01,"MTSO133FMS",179234,"Total Federal Outlays"
2003-04-01,"MTSO133FMS",180094,"Total Federal Outlays"
2003-05-01,"MTSO133FMS",192278,"Total Federal Outlays"
2003-06-01,"MTSO133FMS",171814,"Total Federal Outlays"
2003-07-01,"MTSO133FMS",177792,"Total Federal Outlays"
2003-08-01,"MTSO133FMS",190830,"Total Federal Outlays"
2003-09-01,"MTSO133FMS",168229,"Total Federal Outlays"
2003-10-01,"MTSO133FMS",205370,"Total Federal Outlays"
2003-11-01,"MTSO133FMS",161179,"Total Federal Outlays"
2003-12-01,"MTSO133FMS",204370,"Total Federal Outlays"
2004-01-01,"MTSO133FMS",186802,"Total Federal Outlays"
2004-02-01,"MTSO133FMS",188709,"Total Federal Outlays"
2004-03-01,"MTSO133FMS",205337,"Total Federal Outlays"
2004-04-01,"MTSO133FMS",202513,"Total Federal Outlays"
2004-05-01,"MTSO133FMS",177913,"Total Federal Outlays"
2004-06-01,"MTSO133FMS",195258,"Total Federal Outlays"
2004-07-01,"MTSO133FMS",203575,"Total Federal Outlays"
2004-08-01,"MTSO133FMS",178861,"Total Federal Outlays"
2004-09-01,"MTSO133FMS",182740,"Total Federal Outlays"
2004-10-01,"MTSO133FMS",193514,"Total Federal Outlays"
2004-11-01,"MTSO133FMS",191717,"Total Federal Outlays"
2004-12-01,"MTSO133FMS",218310,"Total Federal Outlays"
2005-01-01,"MTSO133FMS",194111,"Total Federal Outlays"
2005-02-01,"MTSO133FMS",214660,"Total Federal Outlays"
2005-03-01,"MTSO133FMS",220483,"Total Federal Outlays"
2005-04-01,"MTSO133FMS",219690,"Total Federal Outlays"
2005-05-01,"MTSO133FMS",188920,"Total Federal Outlays"
2005-06-01,"MTSO133FMS",212335,"Total Federal Outlays"
2005-07-01,"MTSO133FMS",195487,"Total Federal Outlays"
2005-08-01,"MTSO133FMS",206474,"Total Federal Outlays"
2005-09-01,"MTSO133FMS",216394,"Total Federal Outlays"
2005-10-01,"MTSO133FMS",196764,"Total Federal Outlays"
2005-11-01,"MTSO133FMS",221911,"Total Federal Outlays"
2005-12-01,"MTSO133FMS",230916,"Total Federal Outlays"
2006-01-01,"MTSO133FMS",209045,"Total Federal Outlays"
2006-02-01,"MTSO133FMS",232091,"Total Federal Outlays"
2006-03-01,"MTSO133FMS",249843,"Total Federal Outlays"
2006-04-01,"MTSO133FMS",196249,"Total Federal Outlays"
2006-05-01,"MTSO133FMS",235564,"Total Federal Outlays"
2006-06-01,"MTSO133FMS",243838,"Total Federal Outlays"
2006-07-01,"MTSO133FMS",192925,"Total Federal Outlays"
2006-08-01,"MTSO133FMS",218595,"Total Federal Outlays"
2006-09-01,"MTSO133FMS",227131,"Total Federal Outlays"
2006-10-01,"MTSO133FMS",217014,"Total Federal Outlays"
2006-11-01,"MTSO133FMS",218907,"Total Federal Outlays"
2006-12-01,"MTSO133FMS",218007,"Total Federal Outlays"
2007-01-01,"MTSO133FMS",222372,"Total Federal Outlays"
2007-02-01,"MTSO133FMS",240305,"Total Federal Outlays"
2007-03-01,"MTSO133FMS",262761,"Total Federal Outlays"
2007-04-01,"MTSO133FMS",205967,"Total Federal Outlays"
2007-05-01,"MTSO133FMS",231937,"Total Federal Outlays"
2007-06-01,"MTSO133FMS",249036,"Total Federal Outlays"
2007-07-01,"MTSO133FMS",206886,"Total Federal Outlays"
2007-08-01,"MTSO133FMS",283518,"Total Federal Outlays"
2007-09-01,"MTSO133FMS",172488,"Total Federal Outlays"
2007-10-01,"MTSO133FMS",235014,"Total Federal Outlays"
2007-11-01,"MTSO133FMS",249293,"Total Federal Outlays"
2007-12-01,"MTSO133FMS",228721,"Total Federal Outlays"
2008-01-01,"MTSO133FMS",237379,"Total Federal Outlays"
2008-02-01,"MTSO133FMS",281287,"Total Federal Outlays"
2008-03-01,"MTSO133FMS",227028,"Total Federal Outlays"
2008-04-01,"MTSO133FMS",244469,"Total Federal Outlays"
2008-05-01,"MTSO133FMS",290199,"Total Federal Outlays"
2008-06-01,"MTSO133FMS",226365,"Total Federal Outlays"
2008-07-01,"MTSO133FMS",263261,"Total Federal Outlays"
2008-08-01,"MTSO133FMS",268930,"Total Federal Outlays"
2008-09-01,"MTSO133FMS",226494,"Total Federal Outlays"
2008-10-01,"MTSO133FMS",320360,"Total Federal Outlays"
2008-11-01,"MTSO133FMS",269970,"Total Federal Outlays"
2008-12-01,"MTSO133FMS",289540,"Total Federal Outlays"
2009-01-01,"MTSO133FMS",289548,"Total Federal Outlays"
2009-02-01,"MTSO133FMS",281171,"Total Federal Outlays"
2009-03-01,"MTSO133FMS",320514,"Total Federal Outlays"
2009-04-01,"MTSO133FMS",287113,"Total Federal Outlays"
2009-05-01,"MTSO133FMS",306868,"Total Federal Outlays"
2009-06-01,"MTSO133FMS",309671,"Total Federal Outlays"
2009-07-01,"MTSO133FMS",332160,"Total Federal Outlays"
2009-08-01,"MTSO133FMS",249084,"Total Federal Outlays"
2009-09-01,"MTSO133FMS",264088,"Total Federal Outlays"
2009-10-01,"MTSO133FMS",311656,"Total Federal Outlays"
2009-11-01,"MTSO133FMS",253850,"Total Federal Outlays"
2009-12-01,"MTSO133FMS",310329,"Total Federal Outlays"
2010-01-01,"MTSO133FMS",247873,"Total Federal Outlays"
2010-02-01,"MTSO133FMS",328429,"Total Federal Outlays"
2010-03-01,"MTSO133FMS",218745,"Total Federal Outlays"
2010-04-01,"MTSO133FMS",327950,"Total Federal Outlays"
2010-05-01,"MTSO133FMS",282721,"Total Federal Outlays"
2010-06-01,"MTSO133FMS",319470,"Total Federal Outlays"
2010-07-01,"MTSO133FMS",320588,"Total Federal Outlays"
2010-08-01,"MTSO133FMS",254524,"Total Federal Outlays"
2010-09-01,"MTSO133FMS",279813,"Total Federal Outlays"
2010-10-01,"MTSO133FMS",286384,"Total Federal Outlays"
2010-11-01,"MTSO133FMS",299364,"Total Federal Outlays"
2010-12-01,"MTSO133FMS",315009,"Total Federal Outlays"
2011-01-01,"MTSO133FMS",276346,"Total Federal Outlays"
2011-02-01,"MTSO133FMS",333163,"Total Federal Outlays"
2011-03-01,"MTSO133FMS",339048,"Total Federal Outlays"
2011-04-01,"MTSO133FMS",329929,"Total Federal Outlays"
2011-05-01,"MTSO133FMS",232577,"Total Federal Outlays"
2011-06-01,"MTSO133FMS",292738,"Total Federal Outlays"
2011-07-01,"MTSO133FMS",288439,"Total Federal Outlays"
2011-08-01,"MTSO133FMS",303388,"Total Federal Outlays"
2011-09-01,"MTSO133FMS",302903,"Total Federal Outlays"
2011-10-01,"MTSO133FMS",261539,"Total Federal Outlays"
2011-11-01,"MTSO133FMS",289704,"Total Federal Outlays"
2011-12-01,"MTSO133FMS",325930,"Total Federal Outlays"
2012-01-01,"MTSO133FMS",261726,"Total Federal Outlays"
2012-02-01,"MTSO133FMS",335090,"Total Federal Outlays"
2012-03-01,"MTSO133FMS",369372,"Total Federal Outlays"
2012-04-01,"MTSO133FMS",259690,"Total Federal Outlays"
2012-05-01,"MTSO133FMS",305348,"Total Federal Outlays"
2012-06-01,"MTSO133FMS",319919,"Total Federal Outlays"
2012-07-01,"MTSO133FMS",254190,"Total Federal Outlays"
2012-08-01,"MTSO133FMS",369393,"Total Federal Outlays"
2012-09-01,"MTSO133FMS",186386,"Total Federal Outlays"
2012-10-01,"MTSO133FMS",304311,"Total Federal Outlays"
2012-11-01,"MTSO133FMS",333841,"Total Federal Outlays"
2012-12-01,"MTSO133FMS",270699,"Total Federal Outlays"
2013-01-01,"MTSO133FMS",269340,"Total Federal Outlays"
2013-02-01,"MTSO133FMS",326354,"Total Federal Outlays"
2013-03-01,"MTSO133FMS",292548,"Total Federal Outlays"
2013-04-01,"MTSO133FMS",293834,"Total Federal Outlays"
2013-05-01,"MTSO133FMS",335914,"Total Federal Outlays"
2013-06-01,"MTSO133FMS",170126,"Total Federal Outlays"
2013-07-01,"MTSO133FMS",297627,"Total Federal Outlays"
2013-08-01,"MTSO133FMS",333275,"Total Federal Outlays"
2013-09-01,"MTSO133FMS",226355,"Total Federal Outlays"
2013-10-01,"MTSO133FMS",289514,"Total Federal Outlays"
2013-11-01,"MTSO133FMS",317679,"Total Federal Outlays"
2013-12-01,"MTSO133FMS",231821,"Total Federal Outlays"
2014-01-01,"MTSO133FMS",306247,"Total Federal Outlays"
2014-02-01,"MTSO133FMS",337880,"Total Federal Outlays"
2014-03-01,"MTSO133FMS",252741,"Total Federal Outlays"
2014-04-01,"MTSO133FMS",307383,"Total Federal Outlays"
2014-05-01,"MTSO133FMS",329860,"Total Federal Outlays"
2014-06-01,"MTSO133FMS",253127,"Total Federal Outlays"
2014-07-01,"MTSO133FMS",309113,"Total Federal Outlays"
2014-08-01,"MTSO133FMS",322925,"Total Federal Outlays"
2014-09-01,"MTSO133FMS",245441,"Total Federal Outlays"
2014-10-01,"MTSO133FMS",334432,"Total Federal Outlays"
2014-11-01,"MTSO133FMS",248254,"Total Federal Outlays"
2014-12-01,"MTSO133FMS",333463,"Total Federal Outlays"
2015-01-01,"MTSO133FMS",321738,"Total Federal Outlays"
2015-02-01,"MTSO133FMS",331747,"Total Federal Outlays"
2015-03-01,"MTSO133FMS",287097.39783405,"Total Federal Outlays"
2015-04-01,"MTSO133FMS",315087.16235127,"Total Federal Outlays"
2015-05-01,"MTSO133FMS",294771.10583673,"Total Federal Outlays"
2015-06-01,"MTSO133FMS",291157.28935924,"Total Federal Outlays"
2015-07-01,"MTSO133FMS",374680.13358053,"Total Federal Outlays"
2015-08-01,"MTSO133FMS",275257.35711838,"Total Federal Outlays"
2015-09-01,"MTSO133FMS",274412.30865186,"Total Federal Outlays"
2015-10-01,"MTSO133FMS",347578.33020366,"Total Federal Outlays"
2015-11-01,"MTSO133FMS",269520.71951356,"Total Federal Outlays"
2015-12-01,"MTSO133FMS",364074.6566499,"Total Federal Outlays"
2016-01-01,"MTSO133FMS",258415.69256629,"Total Federal Outlays"
2016-02-01,"MTSO133FMS",361760.85722156,"Total Federal Outlays"
2016-03-01,"MTSO133FMS",335890.55770011,"Total Federal Outlays"
2016-04-01,"MTSO133FMS",331980.47259785,"Total Federal Outlays"
2016-05-01,"MTSO133FMS",277110.84424098,"Total Federal Outlays"
2016-06-01,"MTSO133FMS",323320.23530394,"Total Federal Outlays"
2016-07-01,"MTSO133FMS",322812.90274045,"Total Federal Outlays"
2016-08-01,"MTSO133FMS",338438.38777361,"Total Federal Outlays"
2016-09-01,"MTSO133FMS",323177.87114884,"Total Federal Outlays"
2016-10-01,"MTSO133FMS",265884.26914769,"Total Federal Outlays"
2016-11-01,"MTSO133FMS",336525.52910382,"Total Federal Outlays"
2016-12-01,"MTSO133FMS",346719.93270795,"Total Federal Outlays"
2017-01-01,"MTSO133FMS",292812.10748522,"Total Federal Outlays"
2017-02-01,"MTSO133FMS",363757.11782815,"Total Federal Outlays"
2017-03-01,"MTSO133FMS",392815.87973624,"Total Federal Outlays"
2017-04-01,"MTSO133FMS",273177.31915318,"Total Federal Outlays"
2017-05-01,"MTSO133FMS",328843.9692987,"Total Federal Outlays"
2017-06-01,"MTSO133FMS",428893.67878413,"Total Federal Outlays"
2017-07-01,"MTSO133FMS",274979.52605458,"Total Federal Outlays"
2017-08-01,"MTSO133FMS",333999.74607238,"Total Federal Outlays"
2017-09-01,"MTSO133FMS",340722.21582537,"Total Federal Outlays"
2017-10-01,"MTSO133FMS",298554.66874265,"Total Federal Outlays"
2017-11-01,"MTSO133FMS",346921.69999197,"Total Federal Outlays"
2017-12-01,"MTSO133FMS",348990.44973869,"Total Federal Outlays"
2018-01-01,"MTSO133FMS",311801.8700787,"Total Federal Outlays"
2018-02-01,"MTSO133FMS",370870.88947229,"Total Federal Outlays"
2018-03-01,"MTSO133FMS",419575.61932383,"Total Federal Outlays"
2018-04-01,"MTSO133FMS",296191.55460363,"Total Federal Outlays"
2018-05-01,"MTSO133FMS",363871.38125989,"Total Federal Outlays"
2018-06-01,"MTSO133FMS",391136.18456514,"Total Federal Outlays"
2018-07-01,"MTSO133FMS",302131.45248272,"Total Federal Outlays"
2018-08-01,"MTSO133FMS",433262.79160834,"Total Federal Outlays"
2018-09-01,"MTSO133FMS",224443.33533663,"Total Federal Outlays"
2018-10-01,"MTSO133FMS",353182.66942354,"Total Federal Outlays"
2018-11-01,"MTSO133FMS",410863.68597308,"Total Federal Outlays"
2018-12-01,"MTSO133FMS",326123.39688738,"Total Federal Outlays"
2019-01-01,"MTSO133FMS",331297.1820314,"Total Federal Outlays"
2019-02-01,"MTSO133FMS",401242.71700561,"Total Federal Outlays"
2019-03-01,"MTSO133FMS",375755.99614285,"Total Federal Outlays"
2019-04-01,"MTSO133FMS",375240.02146573,"Total Federal Outlays"
2019-05-01,"MTSO133FMS",439832.88937043,"Total Federal Outlays"
2019-06-01,"MTSO133FMS",342428.65096798,"Total Federal Outlays"
2019-07-01,"MTSO133FMS",371043.5933254,"Total Federal Outlays"
2019-08-01,"MTSO133FMS",428309.32651435,"Total Federal Outlays"
2019-09-01,"MTSO133FMS",291260.49889764,"Total Federal Outlays"
2019-10-01,"MTSO133FMS",379987.72277271,"Total Federal Outlays"
2019-11-01,"MTSO133FMS",434023.70995402,"Total Federal Outlays"
2019-12-01,"MTSO133FMS",349077.95880131,"Total Federal Outlays"
2020-01-01,"MTSO133FMS",404881.19377634,"Total Federal Outlays"
2020-02-01,"MTSO133FMS",423285.75352462,"Total Federal Outlays"
2020-03-01,"MTSO133FMS",355891.39624982,"Total Federal Outlays"
2020-04-01,"MTSO133FMS",979713.62939557,"Total Federal Outlays"
2020-05-01,"MTSO133FMS",572681.97059825,"Total Federal Outlays"
2020-06-01,"MTSO133FMS",1104902.73684442,"Total Federal Outlays"
2020-07-01,"MTSO133FMS",626487.38953523,"Total Federal Outlays"
2020-08-01,"MTSO133FMS",423316.29211783,"Total Federal Outlays"
2020-09-01,"MTSO133FMS",497779.90523144,"Total Federal Outlays"
2020-10-01,"MTSO133FMS",521768.50357994,"Total Federal Outlays"
2020-11-01,"MTSO133FMS",364818.85911795,"Total Federal Outlays"
2020-12-01,"MTSO133FMS",489681.55583604,"Total Federal Outlays"
2021-01-01,"MTSO133FMS",547483.26842566,"Total Federal Outlays"
2021-02-01,"MTSO133FMS",559235.99928085,"Total Federal Outlays"
2021-03-01,"MTSO133FMS",927205.93752383,"Total Federal Outlays"
2021-04-01,"MTSO133FMS",664765.65563825,"Total Federal Outlays"
2021-05-01,"MTSO133FMS",595697.95152198,"Total Federal Outlays"
2021-06-01,"MTSO133FMS",623359.21674689,"Total Federal Outlays"
2021-07-01,"MTSO133FMS",564050.18796311,"Total Federal Outlays"
2021-08-01,"MTSO133FMS",439012.73655966,"Total Federal Outlays"
2021-09-01,"MTSO133FMS",521067.34116283,"Total Federal Outlays"
2021-10-01,"MTSO133FMS",448982.72815582,"Total Federal Outlays"
2021-11-01,"MTSO133FMS",472543.07235179,"Total Federal Outlays"
2021-12-01,"MTSO133FMS",508041.03098277,"Total Federal Outlays"
2022-01-01,"MTSO133FMS",346379.91400583,"Total Federal Outlays"
2022-02-01,"MTSO133FMS",506475.49550495,"Total Federal Outlays"
2022-03-01,"MTSO133FMS",507854.54282165,"Total Federal Outlays"
2022-04-01,"MTSO133FMS",555433.54803631,"Total Federal Outlays"
2022-05-01,"MTSO133FMS",455215.70900277,"Total Federal Outlays"
2022-06-01,"MTSO133FMS",549602.92479355,"Total Federal Outlays"
2022-07-01,"MTSO133FMS",480386.81394184,"Total Federal Outlays"
2022-08-01,"MTSO133FMS",523322.64154448,"Total Federal Outlays"
2022-09-01,"MTSO133FMS",917396.36719388,"Total Federal Outlays"
2022-10-01,"MTSO133FMS",406374.24397226,"Total Federal Outlays"
2022-11-01,"MTSO133FMS",500645.68963498,"Total Federal Outlays"
2022-12-01,"MTSO133FMS",539943.1082374,"Total Federal Outlays"
2023-01-01,"MTSO133FMS",486072.08980151,"Total Federal Outlays"
2023-02-01,"MTSO133FMS",524547.75269011,"Total Federal Outlays"
2023-03-01,"MTSO133FMS",691316.68088415,"Total Federal Outlays"
2023-04-01,"MTSO133FMS",462339.57080939,"Total Federal Outlays"
2023-05-01,"MTSO133FMS",547835.12000878,"Total Federal Outlays"
2023-06-01,"MTSO133FMS",646085.31490701,"Total Federal Outlays"
2023-07-01,"MTSO133FMS",496942.95149745,"Total Federal Outlays"
2023-08-01,"MTSO133FMS",193874.63346353,"Total Federal Outlays"
2023-09-01,"MTSO133FMS",638454.88424474,"Total Federal Outlays"
2023-10-01,"MTSO133FMS",469997.09204953,"Total Federal Outlays"
2023-11-01,"MTSO133FMS",588842.03806824,"Total Federal Outlays"
2023-12-01,"MTSO133FMS",558676.06948587,"Total Federal Outlays"
2024-01-01,"MTSO133FMS",499250.01178818,"Total Federal Outlays"
2024-02-01,"MTSO133FMS",567400.71683898,"Total Federal Outlays"
2024-03-01,"MTSO133FMS",568547.83309821,"Total Federal Outlays"
2024-04-01,"MTSO133FMS",566668.78655161,"Total Federal Outlays"
2024-05-01,"MTSO133FMS",670777.88067005,"Total Federal Outlays"
2024-06-01,"MTSO133FMS",532220.2108835,"Total Federal Outlays"
2024-07-01,"MTSO133FMS",574118.51559752,"Total Federal Outlays"
2024-08-01,"MTSO133FMS",686620.14245382,"Total Federal Outlays"
2024-09-01,"MTSO133FMS",463356.70210934,"Total Federal Outlays"
2024-10-01,"MTSO133FMS",584220.57925001,"Total Federal Outlays"
2024-11-01,"MTSO133FMS",668517.36418086,"Total Federal Outlays"
2024-12-01,"MTSO133FMS",541146.32750476,"Total Federal Outlays"
2025-01-01,"MTSO133FMS",641934.54932542,"Total Federal Outlays"
2025-02-01,"MTSO133FMS",603440.87852184,"Total Federal Outlays"
2025-03-01,"MTSO133FMS",528165.49248968,"Total Federal Outlays"
2025-04-01,"MTSO133FMS",591769.36865785,"Total Federal Outlays"
2025-05-01,"MTSO133FMS",687232.6183002,"Total Federal Outlays"
2025-06-01,"MTSO133FMS",499435.3296792,"Total Federal Outlays"
2025-07-01,"MTSO133FMS",629634.50871084,"Total Federal Outlays"
2025-08-01,"MTSO133FMS",689107.21386844,"Total Federal Outlays"
2025-09-01,"MTSO133FMS",345713.35709906,"Total Federal Outlays"
2025-10-01,"MTSO133FMS",688721.3997565,"Total Federal Outlays"
2025-11-01,"MTSO133FMS",509278.37078688,"Total Federal Outlays"
2025-12-01,"MTSO133FMS",629133.25114853,"Total Federal Outlays"
2026-01-01,"MTSO133FMS",654550.60829992,"Total Federal Outlays"
2026-02-01,"MTSO133FMS",620623.11867301,"Total Federal Outlays"
2026-03-01,"MTSO133FMS",548962.91585365,"Total Federal Outlays"
2026-04-01,"MTSO133FMS",622315.98405076,"Total Federal Outlays"
2026-05-01,"MTSO133FMS",628160.64531116,"Total Federal Outlays"
2026-06-01,"MTSO133FMS",616066.75715507,"Total Federal Outlays"
2026-07-01,"MTSO133FMS",766317.75017727,"Total Federal Outlays"
