"date","series_id","value","series_name"
1966-01-01,"GFDEGDQ188S",40.33999,"Federal Debt: Total Public Debt % GDP"
1966-04-01,"GFDEGDQ188S",39.26763,"Federal Debt: Total Public Debt % GDP"
1966-07-01,"GFDEGDQ188S",39.62091,"Federal Debt: Total Public Debt % GDP"
1966-10-01,"GFDEGDQ188S",39.51977,"Federal Debt: Total Public Debt % GDP"
1967-01-01,"GFDEGDQ188S",39.20383,"Federal Debt: Total Public Debt % GDP"
1967-04-01,"GFDEGDQ188S",38.03292,"Federal Debt: Total Public Debt % GDP"
1967-07-01,"GFDEGDQ188S",38.82145,"Federal Debt: Total Public Debt % GDP"
1967-10-01,"GFDEGDQ188S",39.10231,"Federal Debt: Total Public Debt % GDP"
1968-01-01,"GFDEGDQ188S",38.42951,"Federal Debt: Total Public Debt % GDP"
1968-04-01,"GFDEGDQ188S",36.96379,"Federal Debt: Total Public Debt % GDP"
1968-07-01,"GFDEGDQ188S",37.30897,"Federal Debt: Total Public Debt % GDP"
1968-10-01,"GFDEGDQ188S",36.98532,"Federal Debt: Total Public Debt % GDP"
1969-01-01,"GFDEGDQ188S",36.19577,"Federal Debt: Total Public Debt % GDP"
1969-04-01,"GFDEGDQ188S",34.97403,"Federal Debt: Total Public Debt % GDP"
1969-07-01,"GFDEGDQ188S",35.01946,"Federal Debt: Total Public Debt % GDP"
1969-10-01,"GFDEGDQ188S",35.46954,"Federal Debt: Total Public Debt % GDP"
1970-01-01,"GFDEGDQ188S",35.38879,"Federal Debt: Total Public Debt % GDP"
1970-04-01,"GFDEGDQ188S",34.67329,"Federal Debt: Total Public Debt % GDP"
1970-07-01,"GFDEGDQ188S",34.86717,"Federal Debt: Total Public Debt % GDP"
1970-10-01,"GFDEGDQ188S",35.74822,"Federal Debt: Total Public Debt % GDP"
1971-01-01,"GFDEGDQ188S",34.50345,"Federal Debt: Total Public Debt % GDP"
1971-04-01,"GFDEGDQ188S",34.36089,"Federal Debt: Total Public Debt % GDP"
1971-07-01,"GFDEGDQ188S",35.00694,"Federal Debt: Total Public Debt % GDP"
1971-10-01,"GFDEGDQ188S",35.63237,"Federal Debt: Total Public Debt % GDP"
1972-01-01,"GFDEGDQ188S",34.72622,"Federal Debt: Total Public Debt % GDP"
1972-04-01,"GFDEGDQ188S",33.67383,"Federal Debt: Total Public Debt % GDP"
1972-07-01,"GFDEGDQ188S",33.62447,"Federal Debt: Total Public Debt % GDP"
1972-10-01,"GFDEGDQ188S",33.74758,"Federal Debt: Total Public Debt % GDP"
1973-01-01,"GFDEGDQ188S",33.29287,"Federal Debt: Total Public Debt % GDP"
1973-04-01,"GFDEGDQ188S",32.34466,"Federal Debt: Total Public Debt % GDP"
1973-07-01,"GFDEGDQ188S",32.12455,"Federal Debt: Total Public Debt % GDP"
1973-10-01,"GFDEGDQ188S",31.77379,"Federal Debt: Total Public Debt % GDP"
1974-01-01,"GFDEGDQ188S",31.76449,"Federal Debt: Total Public Debt % GDP"
1974-04-01,"GFDEGDQ188S",30.99462,"Federal Debt: Total Public Debt % GDP"
1974-07-01,"GFDEGDQ188S",30.86269,"Federal Debt: Total Public Debt % GDP"
1974-10-01,"GFDEGDQ188S",30.79768,"Federal Debt: Total Public Debt % GDP"
1975-01-01,"GFDEGDQ188S",31.53604,"Federal Debt: Total Public Debt % GDP"
1975-04-01,"GFDEGDQ188S",32.27817,"Federal Debt: Total Public Debt % GDP"
1975-07-01,"GFDEGDQ188S",32.38043,"Federal Debt: Total Public Debt % GDP"
1975-10-01,"GFDEGDQ188S",32.7301,"Federal Debt: Total Public Debt % GDP"
1976-01-01,"GFDEGDQ188S",32.98513,"Federal Debt: Total Public Debt % GDP"
1976-04-01,"GFDEGDQ188S",33.49464,"Federal Debt: Total Public Debt % GDP"
1976-07-01,"GFDEGDQ188S",33.64333,"Federal Debt: Total Public Debt % GDP"
1976-10-01,"GFDEGDQ188S",33.78753,"Federal Debt: Total Public Debt % GDP"
1977-01-01,"GFDEGDQ188S",33.65136,"Federal Debt: Total Public Debt % GDP"
1977-04-01,"GFDEGDQ188S",32.80422,"Federal Debt: Total Public Debt % GDP"
1977-07-01,"GFDEGDQ188S",32.98791,"Federal Debt: Total Public Debt % GDP"
1977-10-01,"GFDEGDQ188S",33.21873,"Federal Debt: Total Public Debt % GDP"
1978-01-01,"GFDEGDQ188S",33.5012,"Federal Debt: Total Public Debt % GDP"
1978-04-01,"GFDEGDQ188S",32.12444,"Federal Debt: Total Public Debt % GDP"
1978-07-01,"GFDEGDQ188S",32.21407,"Federal Debt: Total Public Debt % GDP"
1978-10-01,"GFDEGDQ188S",31.86206,"Federal Debt: Total Public Debt % GDP"
1979-01-01,"GFDEGDQ188S",31.53601,"Federal Debt: Total Public Debt % GDP"
1979-04-01,"GFDEGDQ188S",31.06277,"Federal Debt: Total Public Debt % GDP"
1979-07-01,"GFDEGDQ188S",30.98402,"Federal Debt: Total Public Debt % GDP"
1979-10-01,"GFDEGDQ188S",31.02615,"Federal Debt: Total Public Debt % GDP"
1980-01-01,"GFDEGDQ188S",30.94982,"Federal Debt: Total Public Debt % GDP"
1980-04-01,"GFDEGDQ188S",31.37303,"Federal Debt: Total Public Debt % GDP"
1980-07-01,"GFDEGDQ188S",31.77687,"Federal Debt: Total Public Debt % GDP"
1980-10-01,"GFDEGDQ188S",31.157,"Federal Debt: Total Public Debt % GDP"
1981-01-01,"GFDEGDQ188S",30.87284,"Federal Debt: Total Public Debt % GDP"
1981-04-01,"GFDEGDQ188S",30.70875,"Federal Debt: Total Public Debt % GDP"
1981-07-01,"GFDEGDQ188S",30.60333,"Federal Debt: Total Public Debt % GDP"
1981-10-01,"GFDEGDQ188S",31.35587,"Federal Debt: Total Public Debt % GDP"
1982-01-01,"GFDEGDQ188S",32.41298,"Federal Debt: Total Public Debt % GDP"
1982-04-01,"GFDEGDQ188S",32.40213,"Federal Debt: Total Public Debt % GDP"
1982-07-01,"GFDEGDQ188S",33.9253,"Federal Debt: Total Public Debt % GDP"
1982-10-01,"GFDEGDQ188S",35.18156,"Federal Debt: Total Public Debt % GDP"
1983-01-01,"GFDEGDQ188S",35.82911,"Federal Debt: Total Public Debt % GDP"
1983-04-01,"GFDEGDQ188S",36.87167,"Federal Debt: Total Public Debt % GDP"
1983-07-01,"GFDEGDQ188S",37.3311,"Federal Debt: Total Public Debt % GDP"
1983-10-01,"GFDEGDQ188S",37.17553,"Federal Debt: Total Public Debt % GDP"
1984-01-01,"GFDEGDQ188S",37.45447,"Federal Debt: Total Public Debt % GDP"
1984-04-01,"GFDEGDQ188S",37.72687,"Federal Debt: Total Public Debt % GDP"
1984-07-01,"GFDEGDQ188S",38.49586,"Federal Debt: Total Public Debt % GDP"
1984-10-01,"GFDEGDQ188S",40.08547,"Federal Debt: Total Public Debt % GDP"
1985-01-01,"GFDEGDQ188S",40.44121,"Federal Debt: Total Public Debt % GDP"
1985-04-01,"GFDEGDQ188S",41.31983,"Federal Debt: Total Public Debt % GDP"
1985-07-01,"GFDEGDQ188S",41.55909,"Federal Debt: Total Public Debt % GDP"
1985-10-01,"GFDEGDQ188S",43.78715,"Federal Debt: Total Public Debt % GDP"
1986-01-01,"GFDEGDQ188S",44.07415,"Federal Debt: Total Public Debt % GDP"
1986-04-01,"GFDEGDQ188S",45.30682,"Federal Debt: Total Public Debt % GDP"
1986-07-01,"GFDEGDQ188S",46.12536,"Federal Debt: Total Public Debt % GDP"
1986-10-01,"GFDEGDQ188S",47.55286,"Federal Debt: Total Public Debt % GDP"
1987-01-01,"GFDEGDQ188S",47.57835,"Federal Debt: Total Public Debt % GDP"
1987-04-01,"GFDEGDQ188S",48.04867,"Federal Debt: Total Public Debt % GDP"
1987-07-01,"GFDEGDQ188S",48.1165,"Federal Debt: Total Public Debt % GDP"
1987-10-01,"GFDEGDQ188S",48.55667,"Federal Debt: Total Public Debt % GDP"
1988-01-01,"GFDEGDQ188S",49.03151,"Federal Debt: Total Public Debt % GDP"
1988-04-01,"GFDEGDQ188S",49.08744,"Federal Debt: Total Public Debt % GDP"
1988-07-01,"GFDEGDQ188S",49.25732,"Federal Debt: Total Public Debt % GDP"
1988-10-01,"GFDEGDQ188S",49.71548,"Federal Debt: Total Public Debt % GDP"
1989-01-01,"GFDEGDQ188S",49.73276,"Federal Debt: Total Public Debt % GDP"
1989-04-01,"GFDEGDQ188S",49.8876,"Federal Debt: Total Public Debt % GDP"
1989-07-01,"GFDEGDQ188S",50.17117,"Federal Debt: Total Public Debt % GDP"
1989-10-01,"GFDEGDQ188S",51.38111,"Federal Debt: Total Public Debt % GDP"
1990-01-01,"GFDEGDQ188S",51.96856,"Federal Debt: Total Public Debt % GDP"
1990-04-01,"GFDEGDQ188S",52.7473,"Federal Debt: Total Public Debt % GDP"
1990-07-01,"GFDEGDQ188S",53.75313,"Federal Debt: Total Public Debt % GDP"
1990-10-01,"GFDEGDQ188S",56.03613,"Federal Debt: Total Public Debt % GDP"
1991-01-01,"GFDEGDQ188S",57.41652,"Federal Debt: Total Public Debt % GDP"
1991-04-01,"GFDEGDQ188S",57.74551,"Federal Debt: Total Public Debt % GDP"
1991-07-01,"GFDEGDQ188S",59.06123,"Federal Debt: Total Public Debt % GDP"
1991-10-01,"GFDEGDQ188S",60.68599,"Federal Debt: Total Public Debt % GDP"
1992-01-01,"GFDEGDQ188S",60.99679,"Federal Debt: Total Public Debt % GDP"
1992-04-01,"GFDEGDQ188S",61.57938,"Federal Debt: Total Public Debt % GDP"
1992-07-01,"GFDEGDQ188S",61.89802,"Federal Debt: Total Public Debt % GDP"
1992-10-01,"GFDEGDQ188S",62.52256,"Federal Debt: Total Public Debt % GDP"
1993-01-01,"GFDEGDQ188S",62.86657,"Federal Debt: Total Public Debt % GDP"
1993-04-01,"GFDEGDQ188S",63.91524,"Federal Debt: Total Public Debt % GDP"
1993-07-01,"GFDEGDQ188S",64.10093,"Federal Debt: Total Public Debt % GDP"
1993-10-01,"GFDEGDQ188S",64.66861,"Federal Debt: Total Public Debt % GDP"
1994-01-01,"GFDEGDQ188S",64.30709,"Federal Debt: Total Public Debt % GDP"
1994-04-01,"GFDEGDQ188S",64.10716,"Federal Debt: Total Public Debt % GDP"
1994-07-01,"GFDEGDQ188S",64.01176,"Federal Debt: Total Public Debt % GDP"
1994-10-01,"GFDEGDQ188S",64.38584,"Federal Debt: Total Public Debt % GDP"
1995-01-01,"GFDEGDQ188S",64.66271,"Federal Debt: Total Public Debt % GDP"
1995-04-01,"GFDEGDQ188S",65.31294,"Federal Debt: Total Public Debt % GDP"
1995-07-01,"GFDEGDQ188S",64.73906,"Federal Debt: Total Public Debt % GDP"
1995-10-01,"GFDEGDQ188S",64.18282,"Federal Debt: Total Public Debt % GDP"
1996-01-01,"GFDEGDQ188S",65.04171,"Federal Debt: Total Public Debt % GDP"
1996-04-01,"GFDEGDQ188S",64.2497,"Federal Debt: Total Public Debt % GDP"
1996-07-01,"GFDEGDQ188S",64.25469,"Federal Debt: Total Public Debt % GDP"
1996-10-01,"GFDEGDQ188S",64.44697,"Federal Debt: Total Public Debt % GDP"
1997-01-01,"GFDEGDQ188S",64.34428,"Federal Debt: Total Public Debt % GDP"
1997-04-01,"GFDEGDQ188S",63.10907,"Federal Debt: Total Public Debt % GDP"
1997-07-01,"GFDEGDQ188S",62.48709,"Federal Debt: Total Public Debt % GDP"
1997-10-01,"GFDEGDQ188S",62.77032,"Federal Debt: Total Public Debt % GDP"
1998-01-01,"GFDEGDQ188S",62.50988,"Federal Debt: Total Public Debt % GDP"
1998-04-01,"GFDEGDQ188S",61.85196,"Federal Debt: Total Public Debt % GDP"
1998-07-01,"GFDEGDQ188S",60.58693,"Federal Debt: Total Public Debt % GDP"
1998-10-01,"GFDEGDQ188S",60.40696,"Federal Debt: Total Public Debt % GDP"
1999-01-01,"GFDEGDQ188S",60.04894,"Federal Debt: Total Public Debt % GDP"
1999-04-01,"GFDEGDQ188S",59.19227,"Federal Debt: Total Public Debt % GDP"
1999-07-01,"GFDEGDQ188S",58.39258,"Federal Debt: Total Public Debt % GDP"
1999-10-01,"GFDEGDQ188S",58.34336,"Federal Debt: Total Public Debt % GDP"
2000-01-01,"GFDEGDQ188S",57.72134,"Federal Debt: Total Public Debt % GDP"
2000-04-01,"GFDEGDQ188S",55.48491,"Federal Debt: Total Public Debt % GDP"
2000-07-01,"GFDEGDQ188S",54.99213,"Federal Debt: Total Public Debt % GDP"
2000-10-01,"GFDEGDQ188S",54.2579,"Federal Debt: Total Public Debt % GDP"
2001-01-01,"GFDEGDQ188S",55.14434,"Federal Debt: Total Public Debt % GDP"
2001-04-01,"GFDEGDQ188S",54.03165,"Federal Debt: Total Public Debt % GDP"
2001-07-01,"GFDEGDQ188S",54.79763,"Federal Debt: Total Public Debt % GDP"
2001-10-01,"GFDEGDQ188S",55.75216,"Federal Debt: Total Public Debt % GDP"
2002-01-01,"GFDEGDQ188S",55.6965,"Federal Debt: Total Public Debt % GDP"
2002-04-01,"GFDEGDQ188S",56.27087,"Federal Debt: Total Public Debt % GDP"
2002-07-01,"GFDEGDQ188S",56.7026,"Federal Debt: Total Public Debt % GDP"
2002-10-01,"GFDEGDQ188S",57.91028,"Federal Debt: Total Public Debt % GDP"
2003-01-01,"GFDEGDQ188S",57.81906,"Federal Debt: Total Public Debt % GDP"
2003-04-01,"GFDEGDQ188S",58.96101,"Federal Debt: Total Public Debt % GDP"
2003-07-01,"GFDEGDQ188S",58.64541,"Federal Debt: Total Public Debt % GDP"
2003-10-01,"GFDEGDQ188S",59.44466,"Federal Debt: Total Public Debt % GDP"
2004-01-01,"GFDEGDQ188S",59.8071,"Federal Debt: Total Public Debt % GDP"
2004-04-01,"GFDEGDQ188S",60.05487,"Federal Debt: Total Public Debt % GDP"
2004-07-01,"GFDEGDQ188S",59.96643,"Federal Debt: Total Public Debt % GDP"
2004-10-01,"GFDEGDQ188S",60.63713,"Federal Debt: Total Public Debt % GDP"
2005-01-01,"GFDEGDQ188S",60.91302,"Federal Debt: Total Public Debt % GDP"
2005-04-01,"GFDEGDQ188S",60.64153,"Federal Debt: Total Public Debt % GDP"
2005-07-01,"GFDEGDQ188S",60.35856,"Federal Debt: Total Public Debt % GDP"
2005-10-01,"GFDEGDQ188S",61.32008,"Federal Debt: Total Public Debt % GDP"
2006-01-01,"GFDEGDQ188S",61.55642,"Federal Debt: Total Public Debt % GDP"
2006-04-01,"GFDEGDQ188S",61.22142,"Federal Debt: Total Public Debt % GDP"
2006-07-01,"GFDEGDQ188S",61.3328,"Federal Debt: Total Public Debt % GDP"
2006-10-01,"GFDEGDQ188S",61.82689,"Federal Debt: Total Public Debt % GDP"
2007-01-01,"GFDEGDQ188S",62.25297,"Federal Debt: Total Public Debt % GDP"
2007-04-01,"GFDEGDQ188S",61.57219,"Federal Debt: Total Public Debt % GDP"
2007-07-01,"GFDEGDQ188S",61.84826,"Federal Debt: Total Public Debt % GDP"
2007-10-01,"GFDEGDQ188S",62.71924,"Federal Debt: Total Public Debt % GDP"
2008-01-01,"GFDEGDQ188S",64.17278,"Federal Debt: Total Public Debt % GDP"
2008-04-01,"GFDEGDQ188S",63.85172,"Federal Debt: Total Public Debt % GDP"
2008-07-01,"GFDEGDQ188S",67.28455,"Federal Debt: Total Public Debt % GDP"
2008-10-01,"GFDEGDQ188S",73.24515,"Federal Debt: Total Public Debt % GDP"
2009-01-01,"GFDEGDQ188S",77.10496,"Federal Debt: Total Public Debt % GDP"
2009-04-01,"GFDEGDQ188S",80.28013,"Federal Debt: Total Public Debt % GDP"
2009-07-01,"GFDEGDQ188S",82.42733,"Federal Debt: Total Public Debt % GDP"
2009-10-01,"GFDEGDQ188S",84.02935,"Federal Debt: Total Public Debt % GDP"
2010-01-01,"GFDEGDQ188S",86.51175,"Federal Debt: Total Public Debt % GDP"
2010-04-01,"GFDEGDQ188S",88.12832,"Federal Debt: Total Public Debt % GDP"
2010-07-01,"GFDEGDQ188S",89.56528,"Federal Debt: Total Public Debt % GDP"
2010-10-01,"GFDEGDQ188S",91.61134,"Federal Debt: Total Public Debt % GDP"
2011-01-01,"GFDEGDQ188S",92.95614,"Federal Debt: Total Public Debt % GDP"
2011-04-01,"GFDEGDQ188S",92.1938,"Federal Debt: Total Public Debt % GDP"
2011-07-01,"GFDEGDQ188S",94.52098,"Federal Debt: Total Public Debt % GDP"
2011-10-01,"GFDEGDQ188S",96.09072,"Federal Debt: Total Public Debt % GDP"
2012-01-01,"GFDEGDQ188S",97.12308,"Federal Debt: Total Public Debt % GDP"
2012-04-01,"GFDEGDQ188S",97.82763,"Federal Debt: Total Public Debt % GDP"
2012-07-01,"GFDEGDQ188S",98.44787,"Federal Debt: Total Public Debt % GDP"
2012-10-01,"GFDEGDQ188S",100.07497,"Federal Debt: Total Public Debt % GDP"
2013-01-01,"GFDEGDQ188S",100.73997,"Federal Debt: Total Public Debt % GDP"
2013-04-01,"GFDEGDQ188S",100.05758,"Federal Debt: Total Public Debt % GDP"
2013-07-01,"GFDEGDQ188S",98.72797,"Federal Debt: Total Public Debt % GDP"
2013-10-01,"GFDEGDQ188S",99.79118,"Federal Debt: Total Public Debt % GDP"
2014-01-01,"GFDEGDQ188S",102.34617,"Federal Debt: Total Public Debt % GDP"
2014-04-01,"GFDEGDQ188S",100.6513,"Federal Debt: Total Public Debt % GDP"
2014-07-01,"GFDEGDQ188S",100.11145,"Federal Debt: Total Public Debt % GDP"
2014-10-01,"GFDEGDQ188S",101.2805,"Federal Debt: Total Public Debt % GDP"
2015-01-01,"GFDEGDQ188S",100.49009,"Federal Debt: Total Public Debt % GDP"
2015-04-01,"GFDEGDQ188S",99.30094,"Federal Debt: Total Public Debt % GDP"
2015-07-01,"GFDEGDQ188S",98.63595,"Federal Debt: Total Public Debt % GDP"
2015-10-01,"GFDEGDQ188S",102.64192,"Federal Debt: Total Public Debt % GDP"
2016-01-01,"GFDEGDQ188S",103.98904,"Federal Debt: Total Public Debt % GDP"
2016-04-01,"GFDEGDQ188S",103.58005,"Federal Debt: Total Public Debt % GDP"
2016-07-01,"GFDEGDQ188S",103.60355,"Federal Debt: Total Public Debt % GDP"
2016-10-01,"GFDEGDQ188S",104.64891,"Federal Debt: Total Public Debt % GDP"
2017-01-01,"GFDEGDQ188S",102.93741,"Federal Debt: Total Public Debt % GDP"
2017-04-01,"GFDEGDQ188S",102.08817,"Federal Debt: Total Public Debt % GDP"
2017-07-01,"GFDEGDQ188S",102.80463,"Federal Debt: Total Public Debt % GDP"
2017-10-01,"GFDEGDQ188S",102.27408,"Federal Debt: Total Public Debt % GDP"
2018-01-01,"GFDEGDQ188S",103.74395,"Federal Debt: Total Public Debt % GDP"
2018-04-01,"GFDEGDQ188S",102.98411,"Federal Debt: Total Public Debt % GDP"
2018-07-01,"GFDEGDQ188S",103.4489,"Federal Debt: Total Public Debt % GDP"
2018-10-01,"GFDEGDQ188S",105.04941,"Federal Debt: Total Public Debt % GDP"
2019-01-01,"GFDEGDQ188S",104.34017,"Federal Debt: Total Public Debt % GDP"
2019-04-01,"GFDEGDQ188S",102.92245,"Federal Debt: Total Public Debt % GDP"
2019-07-01,"GFDEGDQ188S",104.61492,"Federal Debt: Total Public Debt % GDP"
2019-10-01,"GFDEGDQ188S",105.78193,"Federal Debt: Total Public Debt % GDP"
2020-01-01,"GFDEGDQ188S",106.77007,"Federal Debt: Total Public Debt % GDP"
2020-04-01,"GFDEGDQ188S",132.66287,"Federal Debt: Total Public Debt % GDP"
2020-07-01,"GFDEGDQ188S",124.14692,"Federal Debt: Total Public Debt % GDP"
2020-10-01,"GFDEGDQ188S",125.62864,"Federal Debt: Total Public Debt % GDP"
2021-01-01,"GFDEGDQ188S",124.03752,"Federal Debt: Total Public Debt % GDP"
2021-04-01,"GFDEGDQ188S",121.78582,"Federal Debt: Total Public Debt % GDP"
2021-07-01,"GFDEGDQ188S",118.54086,"Federal Debt: Total Public Debt % GDP"
2021-10-01,"GFDEGDQ188S",119.3588,"Federal Debt: Total Public Debt % GDP"
2022-01-01,"GFDEGDQ188S",120.39819,"Federal Debt: Total Public Debt % GDP"
2022-04-01,"GFDEGDQ188S",118.20207,"Federal Debt: Total Public Debt % GDP"
2022-07-01,"GFDEGDQ188S",117.43832,"Federal Debt: Total Public Debt % GDP"
2022-10-01,"GFDEGDQ188S",117.36678,"Federal Debt: Total Public Debt % GDP"
2023-01-01,"GFDEGDQ188S",115.58614,"Federal Debt: Total Public Debt % GDP"
2023-04-01,"GFDEGDQ188S",117.44355,"Federal Debt: Total Public Debt % GDP"
2023-07-01,"GFDEGDQ188S",118.13897,"Federal Debt: Total Public Debt % GDP"
2023-10-01,"GFDEGDQ188S",119.61944,"Federal Debt: Total Public Debt % GDP"
2024-01-01,"GFDEGDQ188S",120.47631,"Federal Debt: Total Public Debt % GDP"
2024-04-01,"GFDEGDQ188S",119.50314,"Federal Debt: Total Public Debt % GDP"
2024-07-01,"GFDEGDQ188S",120.17172,"Federal Debt: Total Public Debt % GDP"
2024-10-01,"GFDEGDQ188S",121.43633,"Federal Debt: Total Public Debt % GDP"
2025-01-01,"GFDEGDQ188S",120.54515,"Federal Debt: Total Public Debt % GDP"
2025-04-01,"GFDEGDQ188S",118.78171,"Federal Debt: Total Public Debt % GDP"
2025-07-01,"GFDEGDQ188S",121.02875,"Federal Debt: Total Public Debt % GDP"
2025-10-01,"GFDEGDQ188S",122.56815,"Federal Debt: Total Public Debt % GDP"
2026-01-01,"GFDEGDQ188S",122.59387,"Federal Debt: Total Public Debt % GDP"
1970-01-01,"HBFIGDQ188S",1.1796,"Federal Debt Held by Foreign and International Investors % GDP"
1970-04-01,"HBFIGDQ188S",1.31163,"Federal Debt Held by Foreign and International Investors % GDP"
1970-07-01,"HBFIGDQ188S",1.52846,"Federal Debt Held by Foreign and International Investors % GDP"
1970-10-01,"HBFIGDQ188S",1.80965,"Federal Debt Held by Foreign and International Investors % GDP"
1971-01-01,"HBFIGDQ188S",2.1671,"Federal Debt Held by Foreign and International Investors % GDP"
1971-04-01,"HBFIGDQ188S",2.75022,"Federal Debt Held by Foreign and International Investors % GDP"
1971-07-01,"HBFIGDQ188S",3.52389,"Federal Debt Held by Foreign and International Investors % GDP"
1971-10-01,"HBFIGDQ188S",3.86458,"Federal Debt Held by Foreign and International Investors % GDP"
1972-01-01,"HBFIGDQ188S",3.98177,"Federal Debt Held by Foreign and International Investors % GDP"
1972-04-01,"HBFIGDQ188S",3.88512,"Federal Debt Held by Foreign and International Investors % GDP"
1972-07-01,"HBFIGDQ188S",4.22295,"Federal Debt Held by Foreign and International Investors % GDP"
1972-10-01,"HBFIGDQ188S",4.0936,"Federal Debt Held by Foreign and International Investors % GDP"
1973-01-01,"HBFIGDQ188S",4.51546,"Federal Debt Held by Foreign and International Investors % GDP"
1973-04-01,"HBFIGDQ188S",4.20118,"Federal Debt Held by Foreign and International Investors % GDP"
1973-07-01,"HBFIGDQ188S",4.02416,"Federal Debt Held by Foreign and International Investors % GDP"
1973-10-01,"HBFIGDQ188S",3.70524,"Federal Debt Held by Foreign and International Investors % GDP"
1974-01-01,"HBFIGDQ188S",3.62793,"Federal Debt Held by Foreign and International Investors % GDP"
1974-04-01,"HBFIGDQ188S",3.71228,"Federal Debt Held by Foreign and International Investors % GDP"
1974-07-01,"HBFIGDQ188S",3.58968,"Federal Debt Held by Foreign and International Investors % GDP"
1974-10-01,"HBFIGDQ188S",3.67574,"Federal Debt Held by Foreign and International Investors % GDP"
1975-01-01,"HBFIGDQ188S",4.02199,"Federal Debt Held by Foreign and International Investors % GDP"
1975-04-01,"HBFIGDQ188S",3.99551,"Federal Debt Held by Foreign and International Investors % GDP"
1975-07-01,"HBFIGDQ188S",3.83081,"Federal Debt Held by Foreign and International Investors % GDP"
1975-10-01,"HBFIGDQ188S",3.77448,"Federal Debt Held by Foreign and International Investors % GDP"
1976-01-01,"HBFIGDQ188S",3.74076,"Federal Debt Held by Foreign and International Investors % GDP"
1976-04-01,"HBFIGDQ188S",3.76822,"Federal Debt Held by Foreign and International Investors % GDP"
1976-07-01,"HBFIGDQ188S",3.95429,"Federal Debt Held by Foreign and International Investors % GDP"
1976-10-01,"HBFIGDQ188S",4.03769,"Federal Debt Held by Foreign and International Investors % GDP"
1977-01-01,"HBFIGDQ188S",4.25918,"Federal Debt Held by Foreign and International Investors % GDP"
1977-04-01,"HBFIGDQ188S",4.27548,"Federal Debt Held by Foreign and International Investors % GDP"
1977-07-01,"HBFIGDQ188S",4.50796,"Federal Debt Held by Foreign and International Investors % GDP"
1977-10-01,"HBFIGDQ188S",5.06406,"Federal Debt Held by Foreign and International Investors % GDP"
1978-01-01,"HBFIGDQ188S",5.652,"Federal Debt Held by Foreign and International Investors % GDP"
1978-04-01,"HBFIGDQ188S",5.12516,"Federal Debt Held by Foreign and International Investors % GDP"
1978-07-01,"HBFIGDQ188S",5.0479,"Federal Debt Held by Foreign and International Investors % GDP"
1978-10-01,"HBFIGDQ188S",5.37355,"Federal Debt Held by Foreign and International Investors % GDP"
1979-01-01,"HBFIGDQ188S",5.25605,"Federal Debt Held by Foreign and International Investors % GDP"
1979-04-01,"HBFIGDQ188S",4.61168,"Federal Debt Held by Foreign and International Investors % GDP"
1979-07-01,"HBFIGDQ188S",4.65593,"Federal Debt Held by Foreign and International Investors % GDP"
1979-10-01,"HBFIGDQ188S",4.36876,"Federal Debt Held by Foreign and International Investors % GDP"
1980-01-01,"HBFIGDQ188S",4.48054,"Federal Debt Held by Foreign and International Investors % GDP"
1980-04-01,"HBFIGDQ188S",4.22542,"Federal Debt Held by Foreign and International Investors % GDP"
1980-07-01,"HBFIGDQ188S",4.36551,"Federal Debt Held by Foreign and International Investors % GDP"
1980-10-01,"HBFIGDQ188S",4.34425,"Federal Debt Held by Foreign and International Investors % GDP"
1981-01-01,"HBFIGDQ188S",4.42352,"Federal Debt Held by Foreign and International Investors % GDP"
1981-04-01,"HBFIGDQ188S",4.31932,"Federal Debt Held by Foreign and International Investors % GDP"
1981-07-01,"HBFIGDQ188S",4.00845,"Federal Debt Held by Foreign and International Investors % GDP"
1981-10-01,"HBFIGDQ188S",4.1636,"Federal Debt Held by Foreign and International Investors % GDP"
1982-01-01,"HBFIGDQ188S",4.15661,"Federal Debt Held by Foreign and International Investors % GDP"
1982-04-01,"HBFIGDQ188S",4.11768,"Federal Debt Held by Foreign and International Investors % GDP"
1982-07-01,"HBFIGDQ188S",4.17667,"Federal Debt Held by Foreign and International Investors % GDP"
1982-10-01,"HBFIGDQ188S",4.39375,"Federal Debt Held by Foreign and International Investors % GDP"
1983-01-01,"HBFIGDQ188S",4.49702,"Federal Debt Held by Foreign and International Investors % GDP"
1983-04-01,"HBFIGDQ188S",4.47351,"Federal Debt Held by Foreign and International Investors % GDP"
1983-07-01,"HBFIGDQ188S",4.33972,"Federal Debt Held by Foreign and International Investors % GDP"
1983-10-01,"HBFIGDQ188S",4.38242,"Federal Debt Held by Foreign and International Investors % GDP"
1984-01-01,"HBFIGDQ188S",4.25531,"Federal Debt Held by Foreign and International Investors % GDP"
1984-04-01,"HBFIGDQ188S",4.27973,"Federal Debt Held by Foreign and International Investors % GDP"
1984-07-01,"HBFIGDQ188S",4.29944,"Federal Debt Held by Foreign and International Investors % GDP"
1984-10-01,"HBFIGDQ188S",4.64982,"Federal Debt Held by Foreign and International Investors % GDP"
1985-01-01,"HBFIGDQ188S",4.71849,"Federal Debt Held by Foreign and International Investors % GDP"
1985-04-01,"HBFIGDQ188S",4.97801,"Federal Debt Held by Foreign and International Investors % GDP"
1985-07-01,"HBFIGDQ188S",5.08118,"Federal Debt Held by Foreign and International Investors % GDP"
1985-10-01,"HBFIGDQ188S",5.0584,"Federal Debt Held by Foreign and International Investors % GDP"
1986-01-01,"HBFIGDQ188S",5.15984,"Federal Debt Held by Foreign and International Investors % GDP"
1986-04-01,"HBFIGDQ188S",5.51994,"Federal Debt Held by Foreign and International Investors % GDP"
1986-07-01,"HBFIGDQ188S",5.76213,"Federal Debt Held by Foreign and International Investors % GDP"
1986-10-01,"HBFIGDQ188S",5.65524,"Federal Debt Held by Foreign and International Investors % GDP"
1987-01-01,"HBFIGDQ188S",5.77702,"Federal Debt Held by Foreign and International Investors % GDP"
1987-04-01,"HBFIGDQ188S",5.84874,"Federal Debt Held by Foreign and International Investors % GDP"
1987-07-01,"HBFIGDQ188S",5.72212,"Federal Debt Held by Foreign and International Investors % GDP"
1987-10-01,"HBFIGDQ188S",5.98443,"Federal Debt Held by Foreign and International Investors % GDP"
1988-01-01,"HBFIGDQ188S",6.55383,"Federal Debt Held by Foreign and International Investors % GDP"
1988-04-01,"HBFIGDQ188S",6.65506,"Federal Debt Held by Foreign and International Investors % GDP"
1988-07-01,"HBFIGDQ188S",6.54762,"Federal Debt Held by Foreign and International Investors % GDP"
1988-10-01,"HBFIGDQ188S",6.70802,"Federal Debt Held by Foreign and International Investors % GDP"
1989-01-01,"HBFIGDQ188S",6.77704,"Federal Debt Held by Foreign and International Investors % GDP"
1989-04-01,"HBFIGDQ188S",6.52833,"Federal Debt Held by Foreign and International Investors % GDP"
1989-07-01,"HBFIGDQ188S",6.87928,"Federal Debt Held by Foreign and International Investors % GDP"
1989-10-01,"HBFIGDQ188S",7.414,"Federal Debt Held by Foreign and International Investors % GDP"
1990-01-01,"HBFIGDQ188S",7.58424,"Federal Debt Held by Foreign and International Investors % GDP"
1990-04-01,"HBFIGDQ188S",7.56708,"Federal Debt Held by Foreign and International Investors % GDP"
1990-07-01,"HBFIGDQ188S",7.71057,"Federal Debt Held by Foreign and International Investors % GDP"
1990-10-01,"HBFIGDQ188S",8.11193,"Federal Debt Held by Foreign and International Investors % GDP"
1991-01-01,"HBFIGDQ188S",8.1522,"Federal Debt Held by Foreign and International Investors % GDP"
1991-04-01,"HBFIGDQ188S",8.19343,"Federal Debt Held by Foreign and International Investors % GDP"
1991-07-01,"HBFIGDQ188S",8.15832,"Federal Debt Held by Foreign and International Investors % GDP"
1991-10-01,"HBFIGDQ188S",8.31506,"Federal Debt Held by Foreign and International Investors % GDP"
1992-01-01,"HBFIGDQ188S",8.42985,"Federal Debt Held by Foreign and International Investors % GDP"
1992-04-01,"HBFIGDQ188S",8.62649,"Federal Debt Held by Foreign and International Investors % GDP"
1992-07-01,"HBFIGDQ188S",8.57059,"Federal Debt Held by Foreign and International Investors % GDP"
1992-10-01,"HBFIGDQ188S",8.6322,"Federal Debt Held by Foreign and International Investors % GDP"
1993-01-01,"HBFIGDQ188S",8.70649,"Federal Debt Held by Foreign and International Investors % GDP"
1993-04-01,"HBFIGDQ188S",8.76495,"Federal Debt Held by Foreign and International Investors % GDP"
1993-07-01,"HBFIGDQ188S",8.9958,"Federal Debt Held by Foreign and International Investors % GDP"
1993-10-01,"HBFIGDQ188S",9.2718,"Federal Debt Held by Foreign and International Investors % GDP"
1994-01-01,"HBFIGDQ188S",9.29079,"Federal Debt Held by Foreign and International Investors % GDP"
1994-04-01,"HBFIGDQ188S",9.10592,"Federal Debt Held by Foreign and International Investors % GDP"
1994-07-01,"HBFIGDQ188S",9.30286,"Federal Debt Held by Foreign and International Investors % GDP"
1994-10-01,"HBFIGDQ188S",8.95069,"Federal Debt Held by Foreign and International Investors % GDP"
1995-01-01,"HBFIGDQ188S",9.39873,"Federal Debt Held by Foreign and International Investors % GDP"
1995-04-01,"HBFIGDQ188S",10.05804,"Federal Debt Held by Foreign and International Investors % GDP"
1995-07-01,"HBFIGDQ188S",10.67795,"Federal Debt Held by Foreign and International Investors % GDP"
1995-10-01,"HBFIGDQ188S",10.74546,"Federal Debt Held by Foreign and International Investors % GDP"
1996-01-01,"HBFIGDQ188S",11.541,"Federal Debt Held by Foreign and International Investors % GDP"
1996-04-01,"HBFIGDQ188S",11.57374,"Federal Debt Held by Foreign and International Investors % GDP"
1996-07-01,"HBFIGDQ188S",12.21683,"Federal Debt Held by Foreign and International Investors % GDP"
1996-10-01,"HBFIGDQ188S",13.34298,"Federal Debt Held by Foreign and International Investors % GDP"
1997-01-01,"HBFIGDQ188S",13.84249,"Federal Debt Held by Foreign and International Investors % GDP"
1997-04-01,"HBFIGDQ188S",13.88337,"Federal Debt Held by Foreign and International Investors % GDP"
1997-07-01,"HBFIGDQ188S",14.20438,"Federal Debt Held by Foreign and International Investors % GDP"
1997-10-01,"HBFIGDQ188S",14.16397,"Federal Debt Held by Foreign and International Investors % GDP"
1998-01-01,"HBFIGDQ188S",14.10368,"Federal Debt Held by Foreign and International Investors % GDP"
1998-04-01,"HBFIGDQ188S",14.0027,"Federal Debt Held by Foreign and International Investors % GDP"
1998-07-01,"HBFIGDQ188S",13.42163,"Federal Debt Held by Foreign and International Investors % GDP"
1998-10-01,"HBFIGDQ188S",13.75835,"Federal Debt Held by Foreign and International Investors % GDP"
1999-01-01,"HBFIGDQ188S",13.51831,"Federal Debt Held by Foreign and International Investors % GDP"
1999-04-01,"HBFIGDQ188S",13.21407,"Federal Debt Held by Foreign and International Investors % GDP"
1999-07-01,"HBFIGDQ188S",13.22855,"Federal Debt Held by Foreign and International Investors % GDP"
1999-10-01,"HBFIGDQ188S",12.81493,"Federal Debt Held by Foreign and International Investors % GDP"
2000-01-01,"HBFIGDQ188S",10.84764,"Federal Debt Held by Foreign and International Investors % GDP"
2000-04-01,"HBFIGDQ188S",10.3506,"Federal Debt Held by Foreign and International Investors % GDP"
2000-07-01,"HBFIGDQ188S",10.06768,"Federal Debt Held by Foreign and International Investors % GDP"
2000-10-01,"HBFIGDQ188S",9.7281,"Federal Debt Held by Foreign and International Investors % GDP"
2001-01-01,"HBFIGDQ188S",9.67027,"Federal Debt Held by Foreign and International Investors % GDP"
2001-04-01,"HBFIGDQ188S",9.27729,"Federal Debt Held by Foreign and International Investors % GDP"
2001-07-01,"HBFIGDQ188S",9.36213,"Federal Debt Held by Foreign and International Investors % GDP"
2001-10-01,"HBFIGDQ188S",9.75661,"Federal Debt Held by Foreign and International Investors % GDP"
2002-01-01,"HBFIGDQ188S",9.80387,"Federal Debt Held by Foreign and International Investors % GDP"
2002-04-01,"HBFIGDQ188S",10.31554,"Federal Debt Held by Foreign and International Investors % GDP"
2002-07-01,"HBFIGDQ188S",10.82116,"Federal Debt Held by Foreign and International Investors % GDP"
2002-10-01,"HBFIGDQ188S",11.17034,"Federal Debt Held by Foreign and International Investors % GDP"
2003-01-01,"HBFIGDQ188S",11.41208,"Federal Debt Held by Foreign and International Investors % GDP"
2003-04-01,"HBFIGDQ188S",12.12701,"Federal Debt Held by Foreign and International Investors % GDP"
2003-07-01,"HBFIGDQ188S",12.4781,"Federal Debt Held by Foreign and International Investors % GDP"
2003-10-01,"HBFIGDQ188S",12.93807,"Federal Debt Held by Foreign and International Investors % GDP"
2004-01-01,"HBFIGDQ188S",14.00602,"Federal Debt Held by Foreign and International Investors % GDP"
2004-04-01,"HBFIGDQ188S",14.32698,"Federal Debt Held by Foreign and International Investors % GDP"
2004-07-01,"HBFIGDQ188S",14.58314,"Federal Debt Held by Foreign and International Investors % GDP"
2004-10-01,"HBFIGDQ188S",14.76226,"Federal Debt Held by Foreign and International Investors % GDP"
2005-01-01,"HBFIGDQ188S",15.28908,"Federal Debt Held by Foreign and International Investors % GDP"
2005-04-01,"HBFIGDQ188S",14.53262,"Federal Debt Held by Foreign and International Investors % GDP"
2005-07-01,"HBFIGDQ188S",14.68502,"Federal Debt Held by Foreign and International Investors % GDP"
2005-10-01,"HBFIGDQ188S",15.26545,"Federal Debt Held by Foreign and International Investors % GDP"
2006-01-01,"HBFIGDQ188S",15.3105,"Federal Debt Held by Foreign and International Investors % GDP"
2006-04-01,"HBFIGDQ188S",14.38042,"Federal Debt Held by Foreign and International Investors % GDP"
2006-07-01,"HBFIGDQ188S",14.60182,"Federal Debt Held by Foreign and International Investors % GDP"
2006-10-01,"HBFIGDQ188S",14.97981,"Federal Debt Held by Foreign and International Investors % GDP"
2007-01-01,"HBFIGDQ188S",15.43932,"Federal Debt Held by Foreign and International Investors % GDP"
2007-04-01,"HBFIGDQ188S",15.22002,"Federal Debt Held by Foreign and International Investors % GDP"
2007-07-01,"HBFIGDQ188S",15.348,"Federal Debt Held by Foreign and International Investors % GDP"
2007-10-01,"HBFIGDQ188S",15.99178,"Federal Debt Held by Foreign and International Investors % GDP"
2008-01-01,"HBFIGDQ188S",17.04208,"Federal Debt Held by Foreign and International Investors % GDP"
2008-04-01,"HBFIGDQ188S",17.40517,"Federal Debt Held by Foreign and International Investors % GDP"
2008-07-01,"HBFIGDQ188S",18.80932,"Federal Debt Held by Foreign and International Investors % GDP"
2008-10-01,"HBFIGDQ188S",21.06487,"Federal Debt Held by Foreign and International Investors % GDP"
2009-01-01,"HBFIGDQ188S",22.62991,"Federal Debt Held by Foreign and International Investors % GDP"
2009-04-01,"HBFIGDQ188S",24.06469,"Federal Debt Held by Foreign and International Investors % GDP"
2009-07-01,"HBFIGDQ188S",24.71195,"Federal Debt Held by Foreign and International Investors % GDP"
2009-10-01,"HBFIGDQ188S",25.15212,"Federal Debt Held by Foreign and International Investors % GDP"
2010-01-01,"HBFIGDQ188S",26.26483,"Federal Debt Held by Foreign and International Investors % GDP"
2010-04-01,"HBFIGDQ188S",27.16921,"Federal Debt Held by Foreign and International Investors % GDP"
2010-07-01,"HBFIGDQ188S",28.5584,"Federal Debt Held by Foreign and International Investors % GDP"
2010-10-01,"HBFIGDQ188S",28.97291,"Federal Debt Held by Foreign and International Investors % GDP"
2011-01-01,"HBFIGDQ188S",29.19203,"Federal Debt Held by Foreign and International Investors % GDP"
2011-04-01,"HBFIGDQ188S",30.15001,"Federal Debt Held by Foreign and International Investors % GDP"
2011-07-01,"HBFIGDQ188S",31.39187,"Federal Debt Held by Foreign and International Investors % GDP"
2011-10-01,"HBFIGDQ188S",31.60471,"Federal Debt Held by Foreign and International Investors % GDP"
2012-01-01,"HBFIGDQ188S",32.01918,"Federal Debt Held by Foreign and International Investors % GDP"
2012-04-01,"HBFIGDQ188S",32.76894,"Federal Debt Held by Foreign and International Investors % GDP"
2012-07-01,"HBFIGDQ188S",33.55548,"Federal Debt Held by Foreign and International Investors % GDP"
2012-10-01,"HBFIGDQ188S",33.94432,"Federal Debt Held by Foreign and International Investors % GDP"
2013-01-01,"HBFIGDQ188S",34.38812,"Federal Debt Held by Foreign and International Investors % GDP"
2013-04-01,"HBFIGDQ188S",33.44554,"Federal Debt Held by Foreign and International Investors % GDP"
2013-07-01,"HBFIGDQ188S",33.3423,"Federal Debt Held by Foreign and International Investors % GDP"
2013-10-01,"HBFIGDQ188S",33.69354,"Federal Debt Held by Foreign and International Investors % GDP"
2014-01-01,"HBFIGDQ188S",34.58769,"Federal Debt Held by Foreign and International Investors % GDP"
2014-04-01,"HBFIGDQ188S",34.35624,"Federal Debt Held by Foreign and International Investors % GDP"
2014-07-01,"HBFIGDQ188S",34.08853,"Federal Debt Held by Foreign and International Investors % GDP"
2014-10-01,"HBFIGDQ188S",34.37736,"Federal Debt Held by Foreign and International Investors % GDP"
2015-01-01,"HBFIGDQ188S",34.17162,"Federal Debt Held by Foreign and International Investors % GDP"
2015-04-01,"HBFIGDQ188S",33.7039,"Federal Debt Held by Foreign and International Investors % GDP"
2015-07-01,"HBFIGDQ188S",33.17098,"Federal Debt Held by Foreign and International Investors % GDP"
2015-10-01,"HBFIGDQ188S",33.32875,"Federal Debt Held by Foreign and International Investors % GDP"
2016-01-01,"HBFIGDQ188S",33.92218,"Federal Debt Held by Foreign and International Investors % GDP"
2016-04-01,"HBFIGDQ188S",33.55708,"Federal Debt Held by Foreign and International Investors % GDP"
2016-07-01,"HBFIGDQ188S",32.58359,"Federal Debt Held by Foreign and International Investors % GDP"
2016-10-01,"HBFIGDQ188S",31.44576,"Federal Debt Held by Foreign and International Investors % GDP"
2017-01-01,"HBFIGDQ188S",31.51075,"Federal Debt Held by Foreign and International Investors % GDP"
2017-04-01,"HBFIGDQ188S",31.64779,"Federal Debt Held by Foreign and International Investors % GDP"
2017-07-01,"HBFIGDQ188S",32.00137,"Federal Debt Held by Foreign and International Investors % GDP"
2017-10-01,"HBFIGDQ188S",30.99902,"Federal Debt Held by Foreign and International Investors % GDP"
2018-01-01,"HBFIGDQ188S",30.61408,"Federal Debt Held by Foreign and International Investors % GDP"
2018-04-01,"HBFIGDQ188S",30.24647,"Federal Debt Held by Foreign and International Investors % GDP"
2018-07-01,"HBFIGDQ188S",29.93404,"Federal Debt Held by Foreign and International Investors % GDP"
2018-10-01,"HBFIGDQ188S",29.97485,"Federal Debt Held by Foreign and International Investors % GDP"
2019-01-01,"HBFIGDQ188S",30.66561,"Federal Debt Held by Foreign and International Investors % GDP"
2019-04-01,"HBFIGDQ188S",30.96513,"Federal Debt Held by Foreign and International Investors % GDP"
2019-07-01,"HBFIGDQ188S",31.8803,"Federal Debt Held by Foreign and International Investors % GDP"
2019-10-01,"HBFIGDQ188S",31.20472,"Federal Debt Held by Foreign and International Investors % GDP"
2020-01-01,"HBFIGDQ188S",31.94991,"Federal Debt Held by Foreign and International Investors % GDP"
2020-04-01,"HBFIGDQ188S",35.33419,"Federal Debt Held by Foreign and International Investors % GDP"
2020-07-01,"HBFIGDQ188S",32.5703,"Federal Debt Held by Foreign and International Investors % GDP"
2020-10-01,"HBFIGDQ188S",32.01272,"Federal Debt Held by Foreign and International Investors % GDP"
2021-01-01,"HBFIGDQ188S",31.03212,"Federal Debt Held by Foreign and International Investors % GDP"
2021-04-01,"HBFIGDQ188S",32.09651,"Federal Debt Held by Foreign and International Investors % GDP"
2021-07-01,"HBFIGDQ188S",31.56859,"Federal Debt Held by Foreign and International Investors % GDP"
2021-10-01,"HBFIGDQ188S",31.19418,"Federal Debt Held by Foreign and International Investors % GDP"
2022-01-01,"HBFIGDQ188S",30.11523,"Federal Debt Held by Foreign and International Investors % GDP"
2022-04-01,"HBFIGDQ188S",28.67954,"Federal Debt Held by Foreign and International Investors % GDP"
2022-07-01,"HBFIGDQ188S",27.53424,"Federal Debt Held by Foreign and International Investors % GDP"
2022-10-01,"HBFIGDQ188S",26.87546,"Federal Debt Held by Foreign and International Investors % GDP"
2023-01-01,"HBFIGDQ188S",27.4415,"Federal Debt Held by Foreign and International Investors % GDP"
2023-04-01,"HBFIGDQ188S",27.47252,"Federal Debt Held by Foreign and International Investors % GDP"
2023-07-01,"HBFIGDQ188S",26.74672,"Federal Debt Held by Foreign and International Investors % GDP"
2023-10-01,"HBFIGDQ188S",27.93343,"Federal Debt Held by Foreign and International Investors % GDP"
2024-01-01,"HBFIGDQ188S",28.24249,"Federal Debt Held by Foreign and International Investors % GDP"
2024-04-01,"HBFIGDQ188S",28.4739,"Federal Debt Held by Foreign and International Investors % GDP"
2024-07-01,"HBFIGDQ188S",29.70453,"Federal Debt Held by Foreign and International Investors % GDP"
2024-10-01,"HBFIGDQ188S",28.8994,"Federal Debt Held by Foreign and International Investors % GDP"
2025-01-01,"HBFIGDQ188S",30.13836,"Federal Debt Held by Foreign and International Investors % GDP"
2025-04-01,"HBFIGDQ188S",29.81821,"Federal Debt Held by Foreign and International Investors % GDP"
2025-07-01,"HBFIGDQ188S",29.69449,"Federal Debt Held by Foreign and International Investors % GDP"
2025-10-01,"HBFIGDQ188S",29.50399,"Federal Debt Held by Foreign and International Investors % GDP"
1970-01-01,"FYGFGDQ188S",26.71366,"Federal Debt Held by Public % GDP"
1970-04-01,"FYGFGDQ188S",25.75702,"Federal Debt Held by Public % GDP"
1970-07-01,"FYGFGDQ188S",25.99923,"Federal Debt Held by Public % GDP"
1970-10-01,"FYGFGDQ188S",26.75362,"Federal Debt Held by Public % GDP"
1971-01-01,"FYGFGDQ188S",25.72712,"Federal Debt Held by Public % GDP"
1971-04-01,"FYGFGDQ188S",25.46263,"Federal Debt Held by Public % GDP"
1971-07-01,"FYGFGDQ188S",25.89441,"Federal Debt Held by Public % GDP"
1971-10-01,"FYGFGDQ188S",26.64192,"Federal Debt Held by Public % GDP"
1972-01-01,"FYGFGDQ188S",26.08359,"Federal Debt Held by Public % GDP"
1972-04-01,"FYGFGDQ188S",24.87237,"Federal Debt Held by Public % GDP"
1972-07-01,"FYGFGDQ188S",24.76231,"Federal Debt Held by Public % GDP"
1972-10-01,"FYGFGDQ188S",24.95109,"Federal Debt Held by Public % GDP"
1973-01-01,"FYGFGDQ188S",24.67234,"Federal Debt Held by Public % GDP"
1973-04-01,"FYGFGDQ188S",23.61801,"Federal Debt Held by Public % GDP"
1973-07-01,"FYGFGDQ188S",23.21308,"Federal Debt Held by Public % GDP"
1973-10-01,"FYGFGDQ188S",22.99225,"Federal Debt Held by Public % GDP"
1974-01-01,"FYGFGDQ188S",22.96519,"Federal Debt Held by Public % GDP"
1974-04-01,"FYGFGDQ188S",21.96188,"Federal Debt Held by Public % GDP"
1974-07-01,"FYGFGDQ188S",21.85098,"Federal Debt Held by Public % GDP"
1974-10-01,"FYGFGDQ188S",21.97047,"Federal Debt Held by Public % GDP"
1975-01-01,"FYGFGDQ188S",22.96871,"Federal Debt Held by Public % GDP"
1975-04-01,"FYGFGDQ188S",23.48302,"Federal Debt Held by Public % GDP"
1975-07-01,"FYGFGDQ188S",24.0599,"Federal Debt Held by Public % GDP"
1975-10-01,"FYGFGDQ188S",24.82105,"Federal Debt Held by Public % GDP"
1976-01-01,"FYGFGDQ188S",25.34613,"Federal Debt Held by Public % GDP"
1976-04-01,"FYGFGDQ188S",25.41774,"Federal Debt Held by Public % GDP"
1976-07-01,"FYGFGDQ188S",25.88455,"Federal Debt Held by Public % GDP"
1976-10-01,"FYGFGDQ188S",26.18271,"Federal Debt Held by Public % GDP"
1977-01-01,"FYGFGDQ188S",26.36253,"Federal Debt Held by Public % GDP"
1977-04-01,"FYGFGDQ188S",25.44962,"Federal Debt Held by Public % GDP"
1977-07-01,"FYGFGDQ188S",25.64819,"Federal Debt Held by Public % GDP"
1977-10-01,"FYGFGDQ188S",26.06394,"Federal Debt Held by Public % GDP"
1978-01-01,"FYGFGDQ188S",26.56817,"Federal Debt Held by Public % GDP"
1978-04-01,"FYGFGDQ188S",25.21576,"Federal Debt Held by Public % GDP"
1978-07-01,"FYGFGDQ188S",25.20074,"Federal Debt Held by Public % GDP"
1978-10-01,"FYGFGDQ188S",24.99878,"Federal Debt Held by Public % GDP"
1979-01-01,"FYGFGDQ188S",24.9551,"Federal Debt Held by Public % GDP"
1979-04-01,"FYGFGDQ188S",24.17323,"Federal Debt Held by Public % GDP"
1979-07-01,"FYGFGDQ188S",23.94828,"Federal Debt Held by Public % GDP"
1979-10-01,"FYGFGDQ188S",24.15552,"Federal Debt Held by Public % GDP"
1980-01-01,"FYGFGDQ188S",23.91257,"Federal Debt Held by Public % GDP"
1980-04-01,"FYGFGDQ188S",24.40558,"Federal Debt Held by Public % GDP"
1980-07-01,"FYGFGDQ188S",24.85427,"Federal Debt Held by Public % GDP"
1980-10-01,"FYGFGDQ188S",24.7105,"Federal Debt Held by Public % GDP"
1981-01-01,"FYGFGDQ188S",24.76392,"Federal Debt Held by Public % GDP"
1981-04-01,"FYGFGDQ188S",24.38726,"Federal Debt Held by Public % GDP"
1981-07-01,"FYGFGDQ188S",24.22244,"Federal Debt Held by Public % GDP"
1981-10-01,"FYGFGDQ188S",25.16168,"Federal Debt Held by Public % GDP"
1982-01-01,"FYGFGDQ188S",26.23118,"Federal Debt Held by Public % GDP"
1982-04-01,"FYGFGDQ188S",26.04812,"Federal Debt Held by Public % GDP"
1982-07-01,"FYGFGDQ188S",27.49681,"Federal Debt Held by Public % GDP"
1982-10-01,"FYGFGDQ188S",29.02869,"Federal Debt Held by Public % GDP"
1983-01-01,"FYGFGDQ188S",30.03786,"Federal Debt Held by Public % GDP"
1983-04-01,"FYGFGDQ188S",30.46486,"Federal Debt Held by Public % GDP"
1983-07-01,"FYGFGDQ188S",30.85207,"Federal Debt Held by Public % GDP"
1983-10-01,"FYGFGDQ188S",30.94904,"Federal Debt Held by Public % GDP"
1984-01-01,"FYGFGDQ188S",31.31733,"Federal Debt Held by Public % GDP"
1984-04-01,"FYGFGDQ188S",31.30237,"Federal Debt Held by Public % GDP"
1984-07-01,"FYGFGDQ188S",32.05443,"Federal Debt Held by Public % GDP"
1984-10-01,"FYGFGDQ188S",33.10472,"Federal Debt Held by Public % GDP"
1985-01-01,"FYGFGDQ188S",33.45569,"Federal Debt Held by Public % GDP"
1985-04-01,"FYGFGDQ188S",34.00518,"Federal Debt Held by Public % GDP"
1985-07-01,"FYGFGDQ188S",34.34319,"Federal Debt Held by Public % GDP"
1985-10-01,"FYGFGDQ188S",35.9372,"Federal Debt Held by Public % GDP"
1986-01-01,"FYGFGDQ188S",36.25327,"Federal Debt Held by Public % GDP"
1986-04-01,"FYGFGDQ188S",37.06959,"Federal Debt Held by Public % GDP"
1986-07-01,"FYGFGDQ188S",37.81619,"Federal Debt Held by Public % GDP"
1986-10-01,"FYGFGDQ188S",38.89843,"Federal Debt Held by Public % GDP"
1987-01-01,"FYGFGDQ188S",38.94981,"Federal Debt Held by Public % GDP"
1987-04-01,"FYGFGDQ188S",38.93233,"Federal Debt Held by Public % GDP"
1987-07-01,"FYGFGDQ188S",38.75706,"Federal Debt Held by Public % GDP"
1987-10-01,"FYGFGDQ188S",39.01892,"Federal Debt Held by Public % GDP"
1988-01-01,"FYGFGDQ188S",39.35668,"Federal Debt Held by Public % GDP"
1988-04-01,"FYGFGDQ188S",38.79383,"Federal Debt Held by Public % GDP"
1988-07-01,"FYGFGDQ188S",38.83776,"Federal Debt Held by Public % GDP"
1988-10-01,"FYGFGDQ188S",38.80314,"Federal Debt Held by Public % GDP"
1989-01-01,"FYGFGDQ188S",38.71024,"Federal Debt Held by Public % GDP"
1989-04-01,"FYGFGDQ188S",38.16724,"Federal Debt Held by Public % GDP"
1989-07-01,"FYGFGDQ188S",38.28949,"Federal Debt Held by Public % GDP"
1989-10-01,"FYGFGDQ188S",39.06522,"Federal Debt Held by Public % GDP"
1990-01-01,"FYGFGDQ188S",39.66257,"Federal Debt Held by Public % GDP"
1990-04-01,"FYGFGDQ188S",39.74431,"Federal Debt Held by Public % GDP"
1990-07-01,"FYGFGDQ188S",40.52376,"Federal Debt Held by Public % GDP"
1990-10-01,"FYGFGDQ188S",42.24243,"Federal Debt Held by Public % GDP"
1991-01-01,"FYGFGDQ188S",43.05343,"Federal Debt Held by Public % GDP"
1991-04-01,"FYGFGDQ188S",43.13567,"Federal Debt Held by Public % GDP"
1991-07-01,"FYGFGDQ188S",44.24358,"Federal Debt Held by Public % GDP"
1991-10-01,"FYGFGDQ188S",45.22334,"Federal Debt Held by Public % GDP"
1992-01-01,"FYGFGDQ188S",45.85232,"Federal Debt Held by Public % GDP"
1992-04-01,"FYGFGDQ188S",46.00345,"Federal Debt Held by Public % GDP"
1992-07-01,"FYGFGDQ188S",46.42086,"Federal Debt Held by Public % GDP"
1992-10-01,"FYGFGDQ188S",46.8403,"Federal Debt Held by Public % GDP"
1993-01-01,"FYGFGDQ188S",47.3672,"Federal Debt Held by Public % GDP"
1993-04-01,"FYGFGDQ188S",47.76493,"Federal Debt Held by Public % GDP"
1993-07-01,"FYGFGDQ188S",47.87488,"Federal Debt Held by Public % GDP"
1993-10-01,"FYGFGDQ188S",48.22246,"Federal Debt Held by Public % GDP"
1994-01-01,"FYGFGDQ188S",48.26273,"Federal Debt Held by Public % GDP"
1994-04-01,"FYGFGDQ188S",47.50795,"Federal Debt Held by Public % GDP"
1994-07-01,"FYGFGDQ188S",47.46442,"Federal Debt Held by Public % GDP"
1994-10-01,"FYGFGDQ188S",47.5249,"Federal Debt Held by Public % GDP"
1995-01-01,"FYGFGDQ188S",47.98352,"Federal Debt Held by Public % GDP"
1995-04-01,"FYGFGDQ188S",47.94631,"Federal Debt Held by Public % GDP"
1995-07-01,"FYGFGDQ188S",47.54835,"Federal Debt Held by Public % GDP"
1995-10-01,"FYGFGDQ188S",47.40004,"Federal Debt Held by Public % GDP"
1996-01-01,"FYGFGDQ188S",47.83675,"Federal Debt Held by Public % GDP"
1996-04-01,"FYGFGDQ188S",46.54186,"Federal Debt Held by Public % GDP"
1996-07-01,"FYGFGDQ188S",46.45946,"Federal Debt Held by Public % GDP"
1996-10-01,"FYGFGDQ188S",46.32082,"Federal Debt Held by Public % GDP"
1997-01-01,"FYGFGDQ188S",46.32627,"Federal Debt Held by Public % GDP"
1997-04-01,"FYGFGDQ188S",44.66071,"Federal Debt Held by Public % GDP"
1997-07-01,"FYGFGDQ188S",44.0547,"Federal Debt Held by Public % GDP"
1997-10-01,"FYGFGDQ188S",43.88258,"Federal Debt Held by Public % GDP"
1998-01-01,"FYGFGDQ188S",43.67063,"Federal Debt Held by Public % GDP"
1998-04-01,"FYGFGDQ188S",42.25759,"Federal Debt Held by Public % GDP"
1998-07-01,"FYGFGDQ188S",41.24869,"Federal Debt Held by Public % GDP"
1998-10-01,"FYGFGDQ188S",40.75096,"Federal Debt Held by Public % GDP"
1999-01-01,"FYGFGDQ188S",40.31744,"Federal Debt Held by Public % GDP"
1999-04-01,"FYGFGDQ188S",38.6845,"Federal Debt Held by Public % GDP"
1999-07-01,"FYGFGDQ188S",37.86248,"Federal Debt Held by Public % GDP"
1999-10-01,"FYGFGDQ188S",37.52998,"Federal Debt Held by Public % GDP"
2000-01-01,"FYGFGDQ188S",36.87171,"Federal Debt Held by Public % GDP"
2000-04-01,"FYGFGDQ188S",34.1121,"Federal Debt Held by Public % GDP"
2000-07-01,"FYGFGDQ188S",33.32391,"Federal Debt Held by Public % GDP"
2000-10-01,"FYGFGDQ188S",32.71009,"Federal Debt Held by Public % GDP"
2001-01-01,"FYGFGDQ188S",32.80143,"Federal Debt Held by Public % GDP"
2001-04-01,"FYGFGDQ188S",30.89137,"Federal Debt Held by Public % GDP"
2001-07-01,"FYGFGDQ188S",31.50312,"Federal Debt Held by Public % GDP"
2001-10-01,"FYGFGDQ188S",31.83499,"Federal Debt Held by Public % GDP"
2002-01-01,"FYGFGDQ188S",31.93466,"Federal Debt Held by Public % GDP"
2002-04-01,"FYGFGDQ188S",31.81223,"Federal Debt Held by Public % GDP"
2002-07-01,"FYGFGDQ188S",32.34318,"Federal Debt Held by Public % GDP"
2002-10-01,"FYGFGDQ188S",32.97389,"Federal Debt Held by Public % GDP"
2003-01-01,"FYGFGDQ188S",33.20866,"Federal Debt Held by Public % GDP"
2003-04-01,"FYGFGDQ188S",33.73427,"Federal Debt Held by Public % GDP"
2003-07-01,"FYGFGDQ188S",33.92545,"Federal Debt Held by Public % GDP"
2003-10-01,"FYGFGDQ188S",34.35248,"Federal Debt Held by Public % GDP"
2004-01-01,"FYGFGDQ188S",35.02902,"Federal Debt Held by Public % GDP"
2004-04-01,"FYGFGDQ188S",34.82868,"Federal Debt Held by Public % GDP"
2004-07-01,"FYGFGDQ188S",34.97163,"Federal Debt Held by Public % GDP"
2004-10-01,"FYGFGDQ188S",35.17424,"Federal Debt Held by Public % GDP"
2005-01-01,"FYGFGDQ188S",35.81338,"Federal Debt Held by Public % GDP"
2005-04-01,"FYGFGDQ188S",35.03637,"Federal Debt Held by Public % GDP"
2005-07-01,"FYGFGDQ188S",35.01106,"Federal Debt Held by Public % GDP"
2005-10-01,"FYGFGDQ188S",35.38378,"Federal Debt Held by Public % GDP"
2006-01-01,"FYGFGDQ188S",35.83165,"Federal Debt Held by Public % GDP"
2006-04-01,"FYGFGDQ188S",34.88186,"Federal Debt Held by Public % GDP"
2006-07-01,"FYGFGDQ188S",34.91811,"Federal Debt Held by Public % GDP"
2006-10-01,"FYGFGDQ188S",34.90998,"Federal Debt Held by Public % GDP"
2007-01-01,"FYGFGDQ188S",35.55432,"Federal Debt Held by Public % GDP"
2007-04-01,"FYGFGDQ188S",34.32166,"Federal Debt Held by Public % GDP"
2007-07-01,"FYGFGDQ188S",34.66906,"Federal Debt Held by Public % GDP"
2007-10-01,"FYGFGDQ188S",34.90498,"Federal Debt Held by Public % GDP"
2008-01-01,"FYGFGDQ188S",36.26991,"Federal Debt Held by Public % GDP"
2008-04-01,"FYGFGDQ188S",35.5518,"Federal Debt Held by Public % GDP"
2008-07-01,"FYGFGDQ188S",39.02437,"Federal Debt Held by Public % GDP"
2008-10-01,"FYGFGDQ188S",43.62377,"Federal Debt Held by Public % GDP"
2009-01-01,"FYGFGDQ188S",47.37291,"Federal Debt Held by Public % GDP"
2009-04-01,"FYGFGDQ188S",49.90158,"Federal Debt Held by Public % GDP"
2009-07-01,"FYGFGDQ188S",52.28458,"Federal Debt Held by Public % GDP"
2009-10-01,"FYGFGDQ188S",53.33579,"Federal Debt Held by Public % GDP"
2010-01-01,"FYGFGDQ188S",56.17657,"Federal Debt Held by Public % GDP"
2010-04-01,"FYGFGDQ188S",57.67095,"Federal Debt Held by Public % GDP"
2010-07-01,"FYGFGDQ188S",59.62122,"Federal Debt Held by Public % GDP"
2010-10-01,"FYGFGDQ188S",61.36991,"Federal Debt Held by Public % GDP"
2011-01-01,"FYGFGDQ188S",62.90334,"Federal Debt Held by Public % GDP"
2011-04-01,"FYGFGDQ188S",62.65052,"Federal Debt Held by Public % GDP"
2011-07-01,"FYGFGDQ188S",64.75106,"Federal Debt Held by Public % GDP"
2011-10-01,"FYGFGDQ188S",65.97861,"Federal Debt Held by Public % GDP"
2012-01-01,"FYGFGDQ188S",67.68639,"Federal Debt Held by Public % GDP"
2012-04-01,"FYGFGDQ188S",68.16893,"Federal Debt Held by Public % GDP"
2012-07-01,"FYGFGDQ188S",69.08525,"Federal Debt Held by Public % GDP"
2012-10-01,"FYGFGDQ188S",70.5619,"Federal Debt Held by Public % GDP"
2013-01-01,"FYGFGDQ188S",71.61412,"Federal Debt Held by Public % GDP"
2013-04-01,"FYGFGDQ188S",71.17458,"Federal Debt Held by Public % GDP"
2013-07-01,"FYGFGDQ188S",70.66823,"Federal Debt Held by Public % GDP"
2013-10-01,"FYGFGDQ188S",71.86587,"Federal Debt Held by Public % GDP"
2014-01-01,"FYGFGDQ188S",73.51665,"Federal Debt Held by Public % GDP"
2014-04-01,"FYGFGDQ188S",71.76422,"Federal Debt Held by Public % GDP"
2014-07-01,"FYGFGDQ188S",71.80771,"Federal Debt Held by Public % GDP"
2014-10-01,"FYGFGDQ188S",72.70969,"Federal Debt Held by Public % GDP"
2015-01-01,"FYGFGDQ188S",72.46747,"Federal Debt Held by Public % GDP"
2015-04-01,"FYGFGDQ188S",71.5273,"Federal Debt Held by Public % GDP"
2015-07-01,"FYGFGDQ188S",71.31846,"Federal Debt Held by Public % GDP"
2015-10-01,"FYGFGDQ188S",74.31389,"Federal Debt Held by Public % GDP"
2016-01-01,"FYGFGDQ188S",75.19061,"Federal Debt Held by Public % GDP"
2016-04-01,"FYGFGDQ188S",74.48445,"Federal Debt Held by Public % GDP"
2016-07-01,"FYGFGDQ188S",75.04378,"Federal Debt Held by Public % GDP"
2016-10-01,"FYGFGDQ188S",75.64063,"Federal Debt Held by Public % GDP"
2017-01-01,"FYGFGDQ188S",74.55599,"Federal Debt Held by Public % GDP"
2017-04-01,"FYGFGDQ188S",73.92953,"Federal Debt Held by Public % GDP"
2017-07-01,"FYGFGDQ188S",74.55506,"Federal Debt Held by Public % GDP"
2017-10-01,"FYGFGDQ188S",73.97834,"Federal Debt Held by Public % GDP"
2018-01-01,"FYGFGDQ188S",75.93645,"Federal Debt Held by Public % GDP"
2018-04-01,"FYGFGDQ188S",75.23257,"Federal Debt Held by Public % GDP"
2018-07-01,"FYGFGDQ188S",75.86428,"Federal Debt Held by Public % GDP"
2018-10-01,"FYGFGDQ188S",77.06685,"Federal Debt Held by Public % GDP"
2019-01-01,"FYGFGDQ188S",76.84804,"Federal Debt Held by Public % GDP"
2019-04-01,"FYGFGDQ188S",75.73028,"Federal Debt Held by Public % GDP"
2019-07-01,"FYGFGDQ188S",77.47776,"Federal Debt Held by Public % GDP"
2019-10-01,"FYGFGDQ188S",78.36239,"Federal Debt Held by Public % GDP"
2020-01-01,"FYGFGDQ188S",79.20826,"Federal Debt Held by Public % GDP"
2020-04-01,"FYGFGDQ188S",102.95659,"Federal Debt Held by Public % GDP"
2020-07-01,"FYGFGDQ188S",96.92777,"Federal Debt Held by Public % GDP"
2020-10-01,"FYGFGDQ188S",98.02716,"Federal Debt Held by Public % GDP"
2021-01-01,"FYGFGDQ188S",97.02906,"Federal Debt Held by Public % GDP"
2021-04-01,"FYGFGDQ188S",95.42226,"Federal Debt Held by Public % GDP"
2021-07-01,"FYGFGDQ188S",93.00945,"Federal Debt Held by Public % GDP"
2021-10-01,"FYGFGDQ188S",93.36948,"Federal Debt Held by Public % GDP"
2022-01-01,"FYGFGDQ188S",94.66515,"Federal Debt Held by Public % GDP"
2022-04-01,"FYGFGDQ188S",92.54557,"Federal Debt Held by Public % GDP"
2022-07-01,"FYGFGDQ188S",92.3448,"Federal Debt Held by Public % GDP"
2022-10-01,"FYGFGDQ188S",91.66518,"Federal Debt Held by Public % GDP"
2023-01-01,"FYGFGDQ188S",90.80843,"Federal Debt Held by Public % GDP"
2023-04-01,"FYGFGDQ188S",92.56093,"Federal Debt Held by Public % GDP"
2023-07-01,"FYGFGDQ188S",93.85447,"Federal Debt Held by Public % GDP"
2023-10-01,"FYGFGDQ188S",94.84781,"Federal Debt Held by Public % GDP"
2024-01-01,"FYGFGDQ188S",95.908,"Federal Debt Held by Public % GDP"
2024-04-01,"FYGFGDQ188S",94.8093,"Federal Debt Held by Public % GDP"
2024-07-01,"FYGFGDQ188S",95.98142,"Federal Debt Held by Public % GDP"
2024-10-01,"FYGFGDQ188S",96.76094,"Federal Debt Held by Public % GDP"
2025-01-01,"FYGFGDQ188S",96.30805,"Federal Debt Held by Public % GDP"
2025-04-01,"FYGFGDQ188S",95.04833,"Federal Debt Held by Public % GDP"
2025-07-01,"FYGFGDQ188S",97.42831,"Federal Debt Held by Public % GDP"
2025-10-01,"FYGFGDQ188S",98.24389,"Federal Debt Held by Public % GDP"
2026-01-01,"FYGFGDQ188S",98.7105,"Federal Debt Held by Public % GDP"
1970-01-01,"HBPIGDQ188S",21.40411,"Federal Debt Held by Private Investors % GDP"
1970-04-01,"HBPIGDQ188S",20.34899,"Federal Debt Held by Private Investors % GDP"
1970-07-01,"HBPIGDQ188S",20.47771,"Federal Debt Held by Private Investors % GDP"
1970-10-01,"HBPIGDQ188S",21.04522,"Federal Debt Held by Private Investors % GDP"
1971-01-01,"HBPIGDQ188S",20.07654,"Federal Debt Held by Private Investors % GDP"
1971-04-01,"HBPIGDQ188S",19.7964,"Federal Debt Held by Private Investors % GDP"
1971-07-01,"HBPIGDQ188S",20.15836,"Federal Debt Held by Private Investors % GDP"
1971-10-01,"HBPIGDQ188S",20.75112,"Federal Debt Held by Private Investors % GDP"
1972-01-01,"HBPIGDQ188S",20.40453,"Federal Debt Held by Private Investors % GDP"
1972-04-01,"HBPIGDQ188S",19.2361,"Federal Debt Held by Private Investors % GDP"
1972-07-01,"HBPIGDQ188S",19.35585,"Federal Debt Held by Private Investors % GDP"
1972-10-01,"HBPIGDQ188S",19.69292,"Federal Debt Held by Private Investors % GDP"
1973-01-01,"HBPIGDQ188S",19.28145,"Federal Debt Held by Private Investors % GDP"
1973-04-01,"HBPIGDQ188S",18.31122,"Federal Debt Held by Private Investors % GDP"
1973-07-01,"HBPIGDQ188S",17.89602,"Federal Debt Held by Private Investors % GDP"
1973-10-01,"HBPIGDQ188S",17.67269,"Federal Debt Held by Private Investors % GDP"
1974-01-01,"HBPIGDQ188S",17.6367,"Federal Debt Held by Private Investors % GDP"
1974-04-01,"HBPIGDQ188S",16.69874,"Federal Debt Held by Private Investors % GDP"
1974-07-01,"HBPIGDQ188S",16.6728,"Federal Debt Held by Private Investors % GDP"
1974-10-01,"HBPIGDQ188S",16.9409,"Federal Debt Held by Private Investors % GDP"
1975-01-01,"HBPIGDQ188S",17.93188,"Federal Debt Held by Private Investors % GDP"
1975-04-01,"HBPIGDQ188S",18.35514,"Federal Debt Held by Private Investors % GDP"
1975-07-01,"HBPIGDQ188S",18.97276,"Federal Debt Held by Private Investors % GDP"
1975-10-01,"HBPIGDQ188S",19.83164,"Federal Debt Held by Private Investors % GDP"
1976-01-01,"HBPIGDQ188S",20.41761,"Federal Debt Held by Private Investors % GDP"
1976-04-01,"HBPIGDQ188S",20.32033,"Federal Debt Held by Private Investors % GDP"
1976-07-01,"HBPIGDQ188S",20.78918,"Federal Debt Held by Private Investors % GDP"
1976-10-01,"HBPIGDQ188S",21.17074,"Federal Debt Held by Private Investors % GDP"
1977-01-01,"HBPIGDQ188S",21.53725,"Federal Debt Held by Private Investors % GDP"
1977-04-01,"HBPIGDQ188S",20.47756,"Federal Debt Held by Private Investors % GDP"
1977-07-01,"HBPIGDQ188S",20.70359,"Federal Debt Held by Private Investors % GDP"
1977-10-01,"HBPIGDQ188S",21.31435,"Federal Debt Held by Private Investors % GDP"
1978-01-01,"HBPIGDQ188S",21.95882,"Federal Debt Held by Private Investors % GDP"
1978-04-01,"HBPIGDQ188S",20.49208,"Federal Debt Held by Private Investors % GDP"
1978-07-01,"HBPIGDQ188S",20.38786,"Federal Debt Held by Private Investors % GDP"
1978-10-01,"HBPIGDQ188S",20.53333,"Federal Debt Held by Private Investors % GDP"
1979-01-01,"HBPIGDQ188S",20.56511,"Federal Debt Held by Private Investors % GDP"
1979-04-01,"HBPIGDQ188S",19.93635,"Federal Debt Held by Private Investors % GDP"
1979-07-01,"HBPIGDQ188S",19.62089,"Federal Debt Held by Private Investors % GDP"
1979-10-01,"HBPIGDQ188S",19.843,"Federal Debt Held by Private Investors % GDP"
1980-01-01,"HBPIGDQ188S",20.09074,"Federal Debt Held by Private Investors % GDP"
1980-04-01,"HBPIGDQ188S",19.95459,"Federal Debt Held by Private Investors % GDP"
1980-07-01,"HBPIGDQ188S",20.62676,"Federal Debt Held by Private Investors % GDP"
1980-10-01,"HBPIGDQ188S",20.64606,"Federal Debt Held by Private Investors % GDP"
1981-01-01,"HBPIGDQ188S",20.95252,"Federal Debt Held by Private Investors % GDP"
1981-04-01,"HBPIGDQ188S",20.5911,"Federal Debt Held by Private Investors % GDP"
1981-07-01,"HBPIGDQ188S",20.40723,"Federal Debt Held by Private Investors % GDP"
1981-10-01,"HBPIGDQ188S",21.1685,"Federal Debt Held by Private Investors % GDP"
1982-01-01,"HBPIGDQ188S",22.39561,"Federal Debt Held by Private Investors % GDP"
1982-04-01,"HBPIGDQ188S",22.23608,"Federal Debt Held by Private Investors % GDP"
1982-07-01,"HBPIGDQ188S",23.5034,"Federal Debt Held by Private Investors % GDP"
1982-10-01,"HBPIGDQ188S",24.93416,"Federal Debt Held by Private Investors % GDP"
1983-01-01,"HBPIGDQ188S",26.10113,"Federal Debt Held by Private Investors % GDP"
1983-04-01,"HBPIGDQ188S",26.50574,"Federal Debt Held by Private Investors % GDP"
1983-07-01,"HBPIGDQ188S",26.63736,"Federal Debt Held by Private Investors % GDP"
1983-10-01,"HBPIGDQ188S",26.94807,"Federal Debt Held by Private Investors % GDP"
1984-01-01,"HBPIGDQ188S",27.45612,"Federal Debt Held by Private Investors % GDP"
1984-04-01,"HBPIGDQ188S",27.48902,"Federal Debt Held by Private Investors % GDP"
1984-07-01,"HBPIGDQ188S",28.25733,"Federal Debt Held by Private Investors % GDP"
1984-10-01,"HBPIGDQ188S",29.22707,"Federal Debt Held by Private Investors % GDP"
1985-01-01,"HBPIGDQ188S",29.64658,"Federal Debt Held by Private Investors % GDP"
1985-04-01,"HBPIGDQ188S",30.08228,"Federal Debt Held by Private Investors % GDP"
1985-07-01,"HBPIGDQ188S",30.50534,"Federal Debt Held by Private Investors % GDP"
1985-10-01,"HBPIGDQ188S",31.88951,"Federal Debt Held by Private Investors % GDP"
1986-01-01,"HBPIGDQ188S",32.67823,"Federal Debt Held by Private Investors % GDP"
1986-04-01,"HBPIGDQ188S",33.06023,"Federal Debt Held by Private Investors % GDP"
1986-07-01,"HBPIGDQ188S",33.71119,"Federal Debt Held by Private Investors % GDP"
1986-10-01,"HBPIGDQ188S",34.3952,"Federal Debt Held by Private Investors % GDP"
1987-01-01,"HBPIGDQ188S",34.75955,"Federal Debt Held by Private Investors % GDP"
1987-04-01,"HBPIGDQ188S",34.49948,"Federal Debt Held by Private Investors % GDP"
1987-07-01,"HBPIGDQ188S",34.40846,"Federal Debt Held by Private Investors % GDP"
1987-10-01,"HBPIGDQ188S",34.57273,"Federal Debt Held by Private Investors % GDP"
1988-01-01,"HBPIGDQ188S",35.07726,"Federal Debt Held by Private Investors % GDP"
1988-04-01,"HBPIGDQ188S",34.42558,"Federal Debt Held by Private Investors % GDP"
1988-07-01,"HBPIGDQ188S",34.47391,"Federal Debt Held by Private Investors % GDP"
1988-10-01,"HBPIGDQ188S",34.4198,"Federal Debt Held by Private Investors % GDP"
1989-01-01,"HBPIGDQ188S",34.53661,"Federal Debt Held by Private Investors % GDP"
1989-04-01,"HBPIGDQ188S",34.01537,"Federal Debt Held by Private Investors % GDP"
1989-07-01,"HBPIGDQ188S",34.3841,"Federal Debt Held by Private Investors % GDP"
1989-10-01,"HBPIGDQ188S",35.10208,"Federal Debt Held by Private Investors % GDP"
1990-01-01,"HBPIGDQ188S",36.04134,"Federal Debt Held by Private Investors % GDP"
1990-04-01,"HBPIGDQ188S",35.90587,"Federal Debt Held by Private Investors % GDP"
1990-07-01,"HBPIGDQ188S",36.69588,"Federal Debt Held by Private Investors % GDP"
1990-10-01,"HBPIGDQ188S",38.39138,"Federal Debt Held by Private Investors % GDP"
1991-01-01,"HBPIGDQ188S",39.11401,"Federal Debt Held by Private Investors % GDP"
1991-04-01,"HBPIGDQ188S",39.15381,"Federal Debt Held by Private Investors % GDP"
1991-07-01,"HBPIGDQ188S",40.25822,"Federal Debt Held by Private Investors % GDP"
1991-10-01,"HBPIGDQ188S",41.16024,"Federal Debt Held by Private Investors % GDP"
1992-01-01,"HBPIGDQ188S",41.89466,"Federal Debt Held by Private Investors % GDP"
1992-04-01,"HBPIGDQ188S",41.91778,"Federal Debt Held by Private Investors % GDP"
1992-07-01,"HBPIGDQ188S",42.36869,"Federal Debt Held by Private Investors % GDP"
1992-10-01,"HBPIGDQ188S",42.61913,"Federal Debt Held by Private Investors % GDP"
1993-01-01,"HBPIGDQ188S",43.12382,"Federal Debt Held by Private Investors % GDP"
1993-04-01,"HBPIGDQ188S",43.34596,"Federal Debt Held by Private Investors % GDP"
1993-07-01,"HBPIGDQ188S",43.43588,"Federal Debt Held by Private Investors % GDP"
1993-10-01,"HBPIGDQ188S",43.62296,"Federal Debt Held by Private Investors % GDP"
1994-01-01,"HBPIGDQ188S",43.56453,"Federal Debt Held by Private Investors % GDP"
1994-04-01,"HBPIGDQ188S",42.75327,"Federal Debt Held by Private Investors % GDP"
1994-07-01,"HBPIGDQ188S",42.69497,"Federal Debt Held by Private Investors % GDP"
1994-10-01,"HBPIGDQ188S",42.6221,"Federal Debt Held by Private Investors % GDP"
1995-01-01,"HBPIGDQ188S",43.13581,"Federal Debt Held by Private Investors % GDP"
1995-04-01,"HBPIGDQ188S",43.01941,"Federal Debt Held by Private Investors % GDP"
1995-07-01,"HBPIGDQ188S",42.76906,"Federal Debt Held by Private Investors % GDP"
1995-10-01,"HBPIGDQ188S",42.55598,"Federal Debt Held by Private Investors % GDP"
1996-01-01,"HBPIGDQ188S",43.04142,"Federal Debt Held by Private Investors % GDP"
1996-04-01,"HBPIGDQ188S",41.75858,"Federal Debt Held by Private Investors % GDP"
1996-07-01,"HBPIGDQ188S",41.72955,"Federal Debt Held by Private Investors % GDP"
1996-10-01,"HBPIGDQ188S",41.5411,"Federal Debt Held by Private Investors % GDP"
1997-01-01,"HBPIGDQ188S",41.28115,"Federal Debt Held by Private Investors % GDP"
1997-04-01,"HBPIGDQ188S",39.64514,"Federal Debt Held by Private Investors % GDP"
1997-07-01,"HBPIGDQ188S",39.26665,"Federal Debt Held by Private Investors % GDP"
1997-10-01,"HBPIGDQ188S",38.95319,"Federal Debt Held by Private Investors % GDP"
1998-01-01,"HBPIGDQ188S",38.76961,"Federal Debt Held by Private Investors % GDP"
1998-04-01,"HBPIGDQ188S",37.34016,"Federal Debt Held by Private Investors % GDP"
1998-07-01,"HBPIGDQ188S",36.32458,"Federal Debt Held by Private Investors % GDP"
1998-10-01,"HBPIGDQ188S",35.87264,"Federal Debt Held by Private Investors % GDP"
1999-01-01,"HBPIGDQ188S",35.355,"Federal Debt Held by Private Investors % GDP"
1999-04-01,"HBPIGDQ188S",33.58314,"Federal Debt Held by Private Investors % GDP"
1999-07-01,"HBPIGDQ188S",32.78128,"Federal Debt Held by Private Investors % GDP"
1999-10-01,"HBPIGDQ188S",32.6651,"Federal Debt Held by Private Investors % GDP"
2000-01-01,"HBPIGDQ188S",31.82107,"Federal Debt Held by Private Investors % GDP"
2000-04-01,"HBPIGDQ188S",29.15087,"Federal Debt Held by Private Investors % GDP"
2000-07-01,"HBPIGDQ188S",28.45758,"Federal Debt Held by Private Investors % GDP"
2000-10-01,"HBPIGDQ188S",27.60129,"Federal Debt Held by Private Investors % GDP"
2001-01-01,"HBPIGDQ188S",27.62881,"Federal Debt Held by Private Investors % GDP"
2001-04-01,"HBPIGDQ188S",25.68733,"Federal Debt Held by Private Investors % GDP"
2001-07-01,"HBPIGDQ188S",26.22848,"Federal Debt Held by Private Investors % GDP"
2001-10-01,"HBPIGDQ188S",26.44819,"Federal Debt Held by Private Investors % GDP"
2002-01-01,"HBPIGDQ188S",26.42185,"Federal Debt Held by Private Investors % GDP"
2002-04-01,"HBPIGDQ188S",26.17507,"Federal Debt Held by Private Investors % GDP"
2002-07-01,"HBPIGDQ188S",26.62773,"Federal Debt Held by Private Investors % GDP"
2002-10-01,"HBPIGDQ188S",27.28851,"Federal Debt Held by Private Investors % GDP"
2003-01-01,"HBPIGDQ188S",27.47418,"Federal Debt Held by Private Investors % GDP"
2003-04-01,"HBPIGDQ188S",27.97459,"Federal Debt Held by Private Investors % GDP"
2003-07-01,"HBPIGDQ188S",28.25273,"Federal Debt Held by Private Investors % GDP"
2003-10-01,"HBPIGDQ188S",28.69379,"Federal Debt Held by Private Investors % GDP"
2004-01-01,"HBPIGDQ188S",29.37741,"Federal Debt Held by Private Investors % GDP"
2004-04-01,"HBPIGDQ188S",29.15507,"Federal Debt Held by Private Investors % GDP"
2004-07-01,"HBPIGDQ188S",29.31337,"Federal Debt Held by Private Investors % GDP"
2004-10-01,"HBPIGDQ188S",29.45986,"Federal Debt Held by Private Investors % GDP"
2005-01-01,"HBPIGDQ188S",30.19436,"Federal Debt Held by Private Investors % GDP"
2005-04-01,"HBPIGDQ188S",29.42893,"Federal Debt Held by Private Investors % GDP"
2005-07-01,"HBPIGDQ188S",29.40809,"Federal Debt Held by Private Investors % GDP"
2005-10-01,"HBPIGDQ188S",29.80291,"Federal Debt Held by Private Investors % GDP"
2006-01-01,"HBPIGDQ188S",30.25187,"Federal Debt Held by Private Investors % GDP"
2006-04-01,"HBPIGDQ188S",29.30761,"Federal Debt Held by Private Investors % GDP"
2006-07-01,"HBPIGDQ188S",29.37379,"Federal Debt Held by Private Investors % GDP"
2006-10-01,"HBPIGDQ188S",29.36061,"Federal Debt Held by Private Investors % GDP"
2007-01-01,"HBPIGDQ188S",30.05912,"Federal Debt Held by Private Investors % GDP"
2007-04-01,"HBPIGDQ188S",28.83333,"Federal Debt Held by Private Investors % GDP"
2007-07-01,"HBPIGDQ188S",29.31657,"Federal Debt Held by Private Investors % GDP"
2007-10-01,"HBPIGDQ188S",29.87212,"Federal Debt Held by Private Investors % GDP"
2008-01-01,"HBPIGDQ188S",32.25028,"Federal Debt Held by Private Investors % GDP"
2008-04-01,"HBPIGDQ188S",32.3308,"Federal Debt Held by Private Investors % GDP"
2008-07-01,"HBPIGDQ188S",35.78764,"Federal Debt Held by Private Investors % GDP"
2008-10-01,"HBPIGDQ188S",40.34307,"Federal Debt Held by Private Investors % GDP"
2009-01-01,"HBPIGDQ188S",43.94528,"Federal Debt Held by Private Investors % GDP"
2009-04-01,"HBPIGDQ188S",45.32642,"Federal Debt Held by Private Investors % GDP"
2009-07-01,"HBPIGDQ188S",46.94273,"Federal Debt Held by Private Investors % GDP"
2009-10-01,"HBPIGDQ188S",48.01229,"Federal Debt Held by Private Investors % GDP"
2010-01-01,"HBPIGDQ188S",50.88722,"Federal Debt Held by Private Investors % GDP"
2010-04-01,"HBPIGDQ188S",52.44725,"Federal Debt Held by Private Investors % GDP"
2010-07-01,"HBPIGDQ188S",54.22872,"Federal Debt Held by Private Investors % GDP"
2010-10-01,"HBPIGDQ188S",54.66484,"Federal Debt Held by Private Investors % GDP"
2011-01-01,"HBPIGDQ188S",54.13887,"Federal Debt Held by Private Investors % GDP"
2011-04-01,"HBPIGDQ188S",52.2107,"Federal Debt Held by Private Investors % GDP"
2011-07-01,"HBPIGDQ188S",54.08086,"Federal Debt Held by Private Investors % GDP"
2011-10-01,"HBPIGDQ188S",55.44222,"Federal Debt Held by Private Investors % GDP"
2012-01-01,"HBPIGDQ188S",57.16106,"Federal Debt Held by Private Investors % GDP"
2012-04-01,"HBPIGDQ188S",57.87396,"Federal Debt Held by Private Investors % GDP"
2012-07-01,"HBPIGDQ188S",58.94406,"Federal Debt Held by Private Investors % GDP"
2012-10-01,"HBPIGDQ188S",60.34621,"Federal Debt Held by Private Investors % GDP"
2013-01-01,"HBPIGDQ188S",60.75616,"Federal Debt Held by Private Investors % GDP"
2013-04-01,"HBPIGDQ188S",59.56774,"Federal Debt Held by Private Investors % GDP"
2013-07-01,"HBPIGDQ188S",58.41745,"Federal Debt Held by Private Investors % GDP"
2013-10-01,"HBPIGDQ188S",59.01925,"Federal Debt Held by Private Investors % GDP"
2014-01-01,"HBPIGDQ188S",59.88985,"Federal Debt Held by Private Investors % GDP"
2014-04-01,"HBPIGDQ188S",58.06202,"Federal Debt Held by Private Investors % GDP"
2014-07-01,"HBPIGDQ188S",58.0379,"Federal Debt Held by Private Investors % GDP"
2014-10-01,"HBPIGDQ188S",58.96915,"Federal Debt Held by Private Investors % GDP"
2015-01-01,"HBPIGDQ188S",58.85229,"Federal Debt Held by Private Investors % GDP"
2015-04-01,"HBPIGDQ188S",58.07235,"Federal Debt Held by Private Investors % GDP"
2015-07-01,"HBPIGDQ188S",57.93999,"Federal Debt Held by Private Investors % GDP"
2015-10-01,"HBPIGDQ188S",60.81322,"Federal Debt Held by Private Investors % GDP"
2016-01-01,"HBPIGDQ188S",61.87866,"Federal Debt Held by Private Investors % GDP"
2016-04-01,"HBPIGDQ188S",61.30068,"Federal Debt Held by Private Investors % GDP"
2016-07-01,"HBPIGDQ188S",61.98128,"Federal Debt Held by Private Investors % GDP"
2016-10-01,"HBPIGDQ188S",62.71184,"Federal Debt Held by Private Investors % GDP"
2017-01-01,"HBPIGDQ188S",61.74921,"Federal Debt Held by Private Investors % GDP"
2017-04-01,"HBPIGDQ188S",61.22392,"Federal Debt Held by Private Investors % GDP"
2017-07-01,"HBPIGDQ188S",61.99285,"Federal Debt Held by Private Investors % GDP"
2017-10-01,"HBPIGDQ188S",61.6886,"Federal Debt Held by Private Investors % GDP"
2018-01-01,"HBPIGDQ188S",63.96569,"Federal Debt Held by Private Investors % GDP"
2018-04-01,"HBPIGDQ188S",63.59534,"Federal Debt Held by Private Investors % GDP"
2018-07-01,"HBPIGDQ188S",64.65731,"Federal Debt Held by Private Investors % GDP"
2018-10-01,"HBPIGDQ188S",66.35046,"Federal Debt Held by Private Investors % GDP"
2019-01-01,"HBPIGDQ188S",66.45115,"Federal Debt Held by Private Investors % GDP"
2019-04-01,"HBPIGDQ188S",65.79326,"Federal Debt Held by Private Investors % GDP"
2019-07-01,"HBPIGDQ188S",67.66903,"Federal Debt Held by Private Investors % GDP"
2019-10-01,"HBPIGDQ188S",67.66677,"Federal Debt Held by Private Investors % GDP"
2020-01-01,"HBPIGDQ188S",66.23623,"Federal Debt Held by Private Investors % GDP"
2020-04-01,"HBPIGDQ188S",81.76852,"Federal Debt Held by Private Investors % GDP"
2020-07-01,"HBPIGDQ188S",76.35996,"Federal Debt Held by Private Investors % GDP"
2020-10-01,"HBPIGDQ188S",76.68981,"Federal Debt Held by Private Investors % GDP"
2021-01-01,"HBPIGDQ188S",75.11719,"Federal Debt Held by Private Investors % GDP"
2021-04-01,"HBPIGDQ188S",73.1946,"Federal Debt Held by Private Investors % GDP"
2021-07-01,"HBPIGDQ188S",70.25908,"Federal Debt Held by Private Investors % GDP"
2021-10-01,"HBPIGDQ188S",70.49078,"Federal Debt Held by Private Investors % GDP"
2022-01-01,"HBPIGDQ188S",71.7602,"Federal Debt Held by Private Investors % GDP"
2022-04-01,"HBPIGDQ188S",70.25519,"Federal Debt Held by Private Investors % GDP"
2022-07-01,"HBPIGDQ188S",70.86871,"Federal Debt Held by Private Investors % GDP"
2022-10-01,"HBPIGDQ188S",71.04272,"Federal Debt Held by Private Investors % GDP"
2023-01-01,"HBPIGDQ188S",71.33114,"Federal Debt Held by Private Investors % GDP"
2023-04-01,"HBPIGDQ188S",73.93883,"Federal Debt Held by Private Investors % GDP"
2023-07-01,"HBPIGDQ188S",76.14432,"Federal Debt Held by Private Investors % GDP"
2023-10-01,"HBPIGDQ188S",77.93709,"Federal Debt Held by Private Investors % GDP"
2024-01-01,"HBPIGDQ188S",79.77906,"Federal Debt Held by Private Investors % GDP"
2024-04-01,"HBPIGDQ188S",79.45746,"Federal Debt Held by Private Investors % GDP"
2024-07-01,"HBPIGDQ188S",81.13063,"Federal Debt Held by Private Investors % GDP"
2024-10-01,"HBPIGDQ188S",82.29925,"Federal Debt Held by Private Investors % GDP"
2025-01-01,"HBPIGDQ188S",82.18696,"Federal Debt Held by Private Investors % GDP"
2025-04-01,"HBPIGDQ188S",81.17011,"Federal Debt Held by Private Investors % GDP"
2025-07-01,"HBPIGDQ188S",83.86834,"Federal Debt Held by Private Investors % GDP"
2025-10-01,"HBPIGDQ188S",84.71279,"Federal Debt Held by Private Investors % GDP"
2026-01-01,"HBPIGDQ188S",84.85953,"Federal Debt Held by Private Investors % GDP"
1981-01-01,"HBATGDQ188S",6.10891,"Federal Debt Held by Agencies and Trusts % GDP"
1981-04-01,"HBATGDQ188S",6.32149,"Federal Debt Held by Agencies and Trusts % GDP"
1981-07-01,"HBATGDQ188S",6.38089,"Federal Debt Held by Agencies and Trusts % GDP"
1981-10-01,"HBATGDQ188S",6.19419,"Federal Debt Held by Agencies and Trusts % GDP"
1982-01-01,"HBATGDQ188S",6.18181,"Federal Debt Held by Agencies and Trusts % GDP"
1982-04-01,"HBATGDQ188S",6.35401,"Federal Debt Held by Agencies and Trusts % GDP"
1982-07-01,"HBATGDQ188S",6.4285,"Federal Debt Held by Agencies and Trusts % GDP"
1982-10-01,"HBATGDQ188S",6.15287,"Federal Debt Held by Agencies and Trusts % GDP"
1983-01-01,"HBATGDQ188S",5.79128,"Federal Debt Held by Agencies and Trusts % GDP"
1983-04-01,"HBATGDQ188S",6.40681,"Federal Debt Held by Agencies and Trusts % GDP"
1983-07-01,"HBATGDQ188S",6.47903,"Federal Debt Held by Agencies and Trusts % GDP"
1983-10-01,"HBATGDQ188S",6.22649,"Federal Debt Held by Agencies and Trusts % GDP"
1984-01-01,"HBATGDQ188S",6.13715,"Federal Debt Held by Agencies and Trusts % GDP"
1984-04-01,"HBATGDQ188S",6.4245,"Federal Debt Held by Agencies and Trusts % GDP"
1984-07-01,"HBATGDQ188S",6.44143,"Federal Debt Held by Agencies and Trusts % GDP"
1984-10-01,"HBATGDQ188S",6.98075,"Federal Debt Held by Agencies and Trusts % GDP"
1985-01-01,"HBATGDQ188S",6.98551,"Federal Debt Held by Agencies and Trusts % GDP"
1985-04-01,"HBATGDQ188S",7.31465,"Federal Debt Held by Agencies and Trusts % GDP"
1985-07-01,"HBATGDQ188S",7.2159,"Federal Debt Held by Agencies and Trusts % GDP"
1985-10-01,"HBATGDQ188S",7.84995,"Federal Debt Held by Agencies and Trusts % GDP"
1986-01-01,"HBATGDQ188S",7.82088,"Federal Debt Held by Agencies and Trusts % GDP"
1986-04-01,"HBATGDQ188S",8.23723,"Federal Debt Held by Agencies and Trusts % GDP"
1986-07-01,"HBATGDQ188S",8.30917,"Federal Debt Held by Agencies and Trusts % GDP"
1986-10-01,"HBATGDQ188S",8.65443,"Federal Debt Held by Agencies and Trusts % GDP"
1987-01-01,"HBATGDQ188S",8.62854,"Federal Debt Held by Agencies and Trusts % GDP"
1987-04-01,"HBATGDQ188S",9.11634,"Federal Debt Held by Agencies and Trusts % GDP"
1987-07-01,"HBATGDQ188S",9.35944,"Federal Debt Held by Agencies and Trusts % GDP"
1987-10-01,"HBATGDQ188S",9.53775,"Federal Debt Held by Agencies and Trusts % GDP"
1988-01-01,"HBATGDQ188S",9.67483,"Federal Debt Held by Agencies and Trusts % GDP"
1988-04-01,"HBATGDQ188S",10.29361,"Federal Debt Held by Agencies and Trusts % GDP"
1988-07-01,"HBATGDQ188S",10.41956,"Federal Debt Held by Agencies and Trusts % GDP"
1988-10-01,"HBATGDQ188S",10.91234,"Federal Debt Held by Agencies and Trusts % GDP"
1989-01-01,"HBATGDQ188S",11.02252,"Federal Debt Held by Agencies and Trusts % GDP"
1989-04-01,"HBATGDQ188S",11.72036,"Federal Debt Held by Agencies and Trusts % GDP"
1989-07-01,"HBATGDQ188S",11.88168,"Federal Debt Held by Agencies and Trusts % GDP"
1989-10-01,"HBATGDQ188S",12.31588,"Federal Debt Held by Agencies and Trusts % GDP"
1990-01-01,"HBATGDQ188S",12.30599,"Federal Debt Held by Agencies and Trusts % GDP"
1990-04-01,"HBATGDQ188S",13.00299,"Federal Debt Held by Agencies and Trusts % GDP"
1990-07-01,"HBATGDQ188S",13.22937,"Federal Debt Held by Agencies and Trusts % GDP"
1990-10-01,"HBATGDQ188S",13.7937,"Federal Debt Held by Agencies and Trusts % GDP"
1991-01-01,"HBATGDQ188S",14.36309,"Federal Debt Held by Agencies and Trusts % GDP"
1991-04-01,"HBATGDQ188S",14.60984,"Federal Debt Held by Agencies and Trusts % GDP"
1991-07-01,"HBATGDQ188S",14.81763,"Federal Debt Held by Agencies and Trusts % GDP"
1991-10-01,"HBATGDQ188S",15.46265,"Federal Debt Held by Agencies and Trusts % GDP"
1992-01-01,"HBATGDQ188S",15.14447,"Federal Debt Held by Agencies and Trusts % GDP"
1992-04-01,"HBATGDQ188S",15.57594,"Federal Debt Held by Agencies and Trusts % GDP"
1992-07-01,"HBATGDQ188S",15.47717,"Federal Debt Held by Agencies and Trusts % GDP"
1992-10-01,"HBATGDQ188S",15.68226,"Federal Debt Held by Agencies and Trusts % GDP"
1993-01-01,"HBATGDQ188S",15.49937,"Federal Debt Held by Agencies and Trusts % GDP"
1993-04-01,"HBATGDQ188S",16.15031,"Federal Debt Held by Agencies and Trusts % GDP"
1993-07-01,"HBATGDQ188S",16.22605,"Federal Debt Held by Agencies and Trusts % GDP"
1993-10-01,"HBATGDQ188S",16.44615,"Federal Debt Held by Agencies and Trusts % GDP"
1994-01-01,"HBATGDQ188S",16.04436,"Federal Debt Held by Agencies and Trusts % GDP"
1994-04-01,"HBATGDQ188S",16.59922,"Federal Debt Held by Agencies and Trusts % GDP"
1994-07-01,"HBATGDQ188S",16.54734,"Federal Debt Held by Agencies and Trusts % GDP"
1994-10-01,"HBATGDQ188S",16.86094,"Federal Debt Held by Agencies and Trusts % GDP"
1995-01-01,"HBATGDQ188S",16.67919,"Federal Debt Held by Agencies and Trusts % GDP"
1995-04-01,"HBATGDQ188S",17.36663,"Federal Debt Held by Agencies and Trusts % GDP"
1995-07-01,"HBATGDQ188S",17.19071,"Federal Debt Held by Agencies and Trusts % GDP"
1995-10-01,"HBATGDQ188S",16.78278,"Federal Debt Held by Agencies and Trusts % GDP"
1996-01-01,"HBATGDQ188S",17.20496,"Federal Debt Held by Agencies and Trusts % GDP"
1996-04-01,"HBATGDQ188S",17.70785,"Federal Debt Held by Agencies and Trusts % GDP"
1996-07-01,"HBATGDQ188S",17.79523,"Federal Debt Held by Agencies and Trusts % GDP"
1996-10-01,"HBATGDQ188S",18.12614,"Federal Debt Held by Agencies and Trusts % GDP"
1997-01-01,"HBATGDQ188S",18.01801,"Federal Debt Held by Agencies and Trusts % GDP"
1997-04-01,"HBATGDQ188S",18.44835,"Federal Debt Held by Agencies and Trusts % GDP"
1997-07-01,"HBATGDQ188S",18.43239,"Federal Debt Held by Agencies and Trusts % GDP"
1997-10-01,"HBATGDQ188S",18.88774,"Federal Debt Held by Agencies and Trusts % GDP"
1998-01-01,"HBATGDQ188S",18.83925,"Federal Debt Held by Agencies and Trusts % GDP"
1998-04-01,"HBATGDQ188S",19.59437,"Federal Debt Held by Agencies and Trusts % GDP"
1998-07-01,"HBATGDQ188S",19.33824,"Federal Debt Held by Agencies and Trusts % GDP"
1998-10-01,"HBATGDQ188S",19.65599,"Federal Debt Held by Agencies and Trusts % GDP"
1999-01-01,"HBATGDQ188S",19.7315,"Federal Debt Held by Agencies and Trusts % GDP"
1999-04-01,"HBATGDQ188S",20.50777,"Federal Debt Held by Agencies and Trusts % GDP"
1999-07-01,"HBATGDQ188S",20.5301,"Federal Debt Held by Agencies and Trusts % GDP"
1999-10-01,"HBATGDQ188S",20.81338,"Federal Debt Held by Agencies and Trusts % GDP"
2000-01-01,"HBATGDQ188S",20.84964,"Federal Debt Held by Agencies and Trusts % GDP"
2000-04-01,"HBATGDQ188S",21.3728,"Federal Debt Held by Agencies and Trusts % GDP"
2000-07-01,"HBATGDQ188S",21.66773,"Federal Debt Held by Agencies and Trusts % GDP"
2000-10-01,"HBATGDQ188S",21.54782,"Federal Debt Held by Agencies and Trusts % GDP"
2001-01-01,"HBATGDQ188S",22.34291,"Federal Debt Held by Agencies and Trusts % GDP"
2001-04-01,"HBATGDQ188S",23.14029,"Federal Debt Held by Agencies and Trusts % GDP"
2001-07-01,"HBATGDQ188S",23.29451,"Federal Debt Held by Agencies and Trusts % GDP"
2001-10-01,"HBATGDQ188S",23.91716,"Federal Debt Held by Agencies and Trusts % GDP"
2002-01-01,"HBATGDQ188S",23.76184,"Federal Debt Held by Agencies and Trusts % GDP"
2002-04-01,"HBATGDQ188S",24.45864,"Federal Debt Held by Agencies and Trusts % GDP"
2002-07-01,"HBATGDQ188S",24.35942,"Federal Debt Held by Agencies and Trusts % GDP"
2002-10-01,"HBATGDQ188S",24.93639,"Federal Debt Held by Agencies and Trusts % GDP"
2003-01-01,"HBATGDQ188S",24.61039,"Federal Debt Held by Agencies and Trusts % GDP"
2003-04-01,"HBATGDQ188S",25.22674,"Federal Debt Held by Agencies and Trusts % GDP"
2003-07-01,"HBATGDQ188S",24.71995,"Federal Debt Held by Agencies and Trusts % GDP"
2003-10-01,"HBATGDQ188S",25.09218,"Federal Debt Held by Agencies and Trusts % GDP"
2004-01-01,"HBATGDQ188S",24.77808,"Federal Debt Held by Agencies and Trusts % GDP"
2004-04-01,"HBATGDQ188S",25.22618,"Federal Debt Held by Agencies and Trusts % GDP"
2004-07-01,"HBATGDQ188S",24.9948,"Federal Debt Held by Agencies and Trusts % GDP"
2004-10-01,"HBATGDQ188S",25.46289,"Federal Debt Held by Agencies and Trusts % GDP"
2005-01-01,"HBATGDQ188S",25.09964,"Federal Debt Held by Agencies and Trusts % GDP"
2005-04-01,"HBATGDQ188S",25.60515,"Federal Debt Held by Agencies and Trusts % GDP"
2005-07-01,"HBATGDQ188S",25.34751,"Federal Debt Held by Agencies and Trusts % GDP"
2005-10-01,"HBATGDQ188S",25.9363,"Federal Debt Held by Agencies and Trusts % GDP"
2006-01-01,"HBATGDQ188S",25.72477,"Federal Debt Held by Agencies and Trusts % GDP"
2006-04-01,"HBATGDQ188S",26.33956,"Federal Debt Held by Agencies and Trusts % GDP"
2006-07-01,"HBATGDQ188S",26.41468,"Federal Debt Held by Agencies and Trusts % GDP"
2006-10-01,"HBATGDQ188S",26.91691,"Federal Debt Held by Agencies and Trusts % GDP"
2007-01-01,"HBATGDQ188S",26.69865,"Federal Debt Held by Agencies and Trusts % GDP"
2007-04-01,"HBATGDQ188S",27.25053,"Federal Debt Held by Agencies and Trusts % GDP"
2007-07-01,"HBATGDQ188S",27.1792,"Federal Debt Held by Agencies and Trusts % GDP"
2007-10-01,"HBATGDQ188S",27.81426,"Federal Debt Held by Agencies and Trusts % GDP"
2008-01-01,"HBATGDQ188S",27.90287,"Federal Debt Held by Agencies and Trusts % GDP"
2008-04-01,"HBATGDQ188S",28.29992,"Federal Debt Held by Agencies and Trusts % GDP"
2008-07-01,"HBATGDQ188S",28.26019,"Federal Debt Held by Agencies and Trusts % GDP"
2008-10-01,"HBATGDQ188S",29.62139,"Federal Debt Held by Agencies and Trusts % GDP"
2009-01-01,"HBATGDQ188S",29.73205,"Federal Debt Held by Agencies and Trusts % GDP"
2009-04-01,"HBATGDQ188S",30.37855,"Federal Debt Held by Agencies and Trusts % GDP"
2009-07-01,"HBATGDQ188S",30.14275,"Federal Debt Held by Agencies and Trusts % GDP"
2009-10-01,"HBATGDQ188S",30.69356,"Federal Debt Held by Agencies and Trusts % GDP"
2010-01-01,"HBATGDQ188S",30.33519,"Federal Debt Held by Agencies and Trusts % GDP"
2010-04-01,"HBATGDQ188S",30.45736,"Federal Debt Held by Agencies and Trusts % GDP"
2010-07-01,"HBATGDQ188S",29.94405,"Federal Debt Held by Agencies and Trusts % GDP"
2010-10-01,"HBATGDQ188S",30.24143,"Federal Debt Held by Agencies and Trusts % GDP"
2011-01-01,"HBATGDQ188S",30.05281,"Federal Debt Held by Agencies and Trusts % GDP"
2011-04-01,"HBATGDQ188S",29.54328,"Federal Debt Held by Agencies and Trusts % GDP"
2011-07-01,"HBATGDQ188S",29.76995,"Federal Debt Held by Agencies and Trusts % GDP"
2011-10-01,"HBATGDQ188S",30.11214,"Federal Debt Held by Agencies and Trusts % GDP"
2012-01-01,"HBATGDQ188S",29.43665,"Federal Debt Held by Agencies and Trusts % GDP"
2012-04-01,"HBATGDQ188S",29.6587,"Federal Debt Held by Agencies and Trusts % GDP"
2012-07-01,"HBATGDQ188S",29.36265,"Federal Debt Held by Agencies and Trusts % GDP"
2012-10-01,"HBATGDQ188S",29.5131,"Federal Debt Held by Agencies and Trusts % GDP"
2013-01-01,"HBATGDQ188S",29.12587,"Federal Debt Held by Agencies and Trusts % GDP"
2013-04-01,"HBATGDQ188S",28.88303,"Federal Debt Held by Agencies and Trusts % GDP"
2013-07-01,"HBATGDQ188S",28.05979,"Federal Debt Held by Agencies and Trusts % GDP"
2013-10-01,"HBATGDQ188S",29.06454,"Federal Debt Held by Agencies and Trusts % GDP"
2014-01-01,"HBATGDQ188S",28.96912,"Federal Debt Held by Agencies and Trusts % GDP"
2014-04-01,"HBATGDQ188S",28.88708,"Federal Debt Held by Agencies and Trusts % GDP"
2014-07-01,"HBATGDQ188S",28.30374,"Federal Debt Held by Agencies and Trusts % GDP"
2014-10-01,"HBATGDQ188S",28.57081,"Federal Debt Held by Agencies and Trusts % GDP"
2015-01-01,"HBATGDQ188S",28.02261,"Federal Debt Held by Agencies and Trusts % GDP"
2015-04-01,"HBATGDQ188S",27.77364,"Federal Debt Held by Agencies and Trusts % GDP"
2015-07-01,"HBATGDQ188S",27.31749,"Federal Debt Held by Agencies and Trusts % GDP"
2015-10-01,"HBATGDQ188S",28.32803,"Federal Debt Held by Agencies and Trusts % GDP"
2016-01-01,"HBATGDQ188S",28.79843,"Federal Debt Held by Agencies and Trusts % GDP"
2016-04-01,"HBATGDQ188S",29.0956,"Federal Debt Held by Agencies and Trusts % GDP"
2016-07-01,"HBATGDQ188S",28.55977,"Federal Debt Held by Agencies and Trusts % GDP"
2016-10-01,"HBATGDQ188S",29.00828,"Federal Debt Held by Agencies and Trusts % GDP"
2017-01-01,"HBATGDQ188S",28.38143,"Federal Debt Held by Agencies and Trusts % GDP"
2017-04-01,"HBATGDQ188S",28.15863,"Federal Debt Held by Agencies and Trusts % GDP"
2017-07-01,"HBATGDQ188S",28.24957,"Federal Debt Held by Agencies and Trusts % GDP"
2017-10-01,"HBATGDQ188S",28.29573,"Federal Debt Held by Agencies and Trusts % GDP"
2018-01-01,"HBATGDQ188S",27.80749,"Federal Debt Held by Agencies and Trusts % GDP"
2018-04-01,"HBATGDQ188S",27.75155,"Federal Debt Held by Agencies and Trusts % GDP"
2018-07-01,"HBATGDQ188S",27.58463,"Federal Debt Held by Agencies and Trusts % GDP"
2018-10-01,"HBATGDQ188S",27.98256,"Federal Debt Held by Agencies and Trusts % GDP"
2019-01-01,"HBATGDQ188S",27.49213,"Federal Debt Held by Agencies and Trusts % GDP"
2019-04-01,"HBATGDQ188S",27.19217,"Federal Debt Held by Agencies and Trusts % GDP"
2019-07-01,"HBATGDQ188S",27.13716,"Federal Debt Held by Agencies and Trusts % GDP"
2019-10-01,"HBATGDQ188S",27.41954,"Federal Debt Held by Agencies and Trusts % GDP"
2020-01-01,"HBATGDQ188S",27.56181,"Federal Debt Held by Agencies and Trusts % GDP"
2020-04-01,"HBATGDQ188S",29.70628,"Federal Debt Held by Agencies and Trusts % GDP"
2020-07-01,"HBATGDQ188S",27.21915,"Federal Debt Held by Agencies and Trusts % GDP"
2020-10-01,"HBATGDQ188S",27.60148,"Federal Debt Held by Agencies and Trusts % GDP"
2021-01-01,"HBATGDQ188S",27.00846,"Federal Debt Held by Agencies and Trusts % GDP"
2021-04-01,"HBATGDQ188S",26.36356,"Federal Debt Held by Agencies and Trusts % GDP"
2021-07-01,"HBATGDQ188S",25.53141,"Federal Debt Held by Agencies and Trusts % GDP"
2021-10-01,"HBATGDQ188S",25.98932,"Federal Debt Held by Agencies and Trusts % GDP"
2022-01-01,"HBATGDQ188S",25.73303,"Federal Debt Held by Agencies and Trusts % GDP"
2022-04-01,"HBATGDQ188S",25.65649,"Federal Debt Held by Agencies and Trusts % GDP"
2022-07-01,"HBATGDQ188S",25.09352,"Federal Debt Held by Agencies and Trusts % GDP"
2022-10-01,"HBATGDQ188S",25.70159,"Federal Debt Held by Agencies and Trusts % GDP"
2023-01-01,"HBATGDQ188S",24.77771,"Federal Debt Held by Agencies and Trusts % GDP"
2023-04-01,"HBATGDQ188S",24.88262,"Federal Debt Held by Agencies and Trusts % GDP"
2023-07-01,"HBATGDQ188S",24.2845,"Federal Debt Held by Agencies and Trusts % GDP"
2023-10-01,"HBATGDQ188S",24.77163,"Federal Debt Held by Agencies and Trusts % GDP"
2024-01-01,"HBATGDQ188S",24.56831,"Federal Debt Held by Agencies and Trusts % GDP"
2024-04-01,"HBATGDQ188S",24.69385,"Federal Debt Held by Agencies and Trusts % GDP"
2024-07-01,"HBATGDQ188S",24.1903,"Federal Debt Held by Agencies and Trusts % GDP"
2024-10-01,"HBATGDQ188S",24.67539,"Federal Debt Held by Agencies and Trusts % GDP"
2025-01-01,"HBATGDQ188S",24.2371,"Federal Debt Held by Agencies and Trusts % GDP"
2025-04-01,"HBATGDQ188S",23.73337,"Federal Debt Held by Agencies and Trusts % GDP"
2025-07-01,"HBATGDQ188S",23.60044,"Federal Debt Held by Agencies and Trusts % GDP"
2025-10-01,"HBATGDQ188S",24.32426,"Federal Debt Held by Agencies and Trusts % GDP"
2026-01-01,"HBATGDQ188S",23.88338,"Federal Debt Held by Agencies and Trusts % GDP"
1970-01-01,"HBFRGDQ188S",5.30822,"Federal Debt Held by Federal Reserve Banks % GDP"
1970-04-01,"HBFRGDQ188S",5.40579,"Federal Debt Held by Federal Reserve Banks % GDP"
1970-07-01,"HBFRGDQ188S",5.52456,"Federal Debt Held by Federal Reserve Banks % GDP"
1970-10-01,"HBFRGDQ188S",5.70453,"Federal Debt Held by Federal Reserve Banks % GDP"
1971-01-01,"HBFRGDQ188S",5.65561,"Federal Debt Held by Federal Reserve Banks % GDP"
1971-04-01,"HBFRGDQ188S",5.66476,"Federal Debt Held by Federal Reserve Banks % GDP"
1971-07-01,"HBFRGDQ188S",5.74012,"Federal Debt Held by Federal Reserve Banks % GDP"
1971-10-01,"HBFRGDQ188S",5.89769,"Federal Debt Held by Federal Reserve Banks % GDP"
1972-01-01,"HBFRGDQ188S",5.68011,"Federal Debt Held by Federal Reserve Banks % GDP"
1972-04-01,"HBFRGDQ188S",5.63817,"Federal Debt Held by Federal Reserve Banks % GDP"
1972-07-01,"HBFRGDQ188S",5.40073,"Federal Debt Held by Federal Reserve Banks % GDP"
1972-10-01,"HBFRGDQ188S",5.25997,"Federal Debt Held by Federal Reserve Banks % GDP"
1973-01-01,"HBFRGDQ188S",5.39387,"Federal Debt Held by Federal Reserve Banks % GDP"
1973-04-01,"HBFRGDQ188S",5.30453,"Federal Debt Held by Federal Reserve Banks % GDP"
1973-07-01,"HBFRGDQ188S",5.31441,"Federal Debt Held by Federal Reserve Banks % GDP"
1973-10-01,"HBFRGDQ188S",5.31739,"Federal Debt Held by Federal Reserve Banks % GDP"
1974-01-01,"HBFRGDQ188S",5.33124,"Federal Debt Held by Federal Reserve Banks % GDP"
1974-04-01,"HBFRGDQ188S",5.26125,"Federal Debt Held by Federal Reserve Banks % GDP"
1974-07-01,"HBFRGDQ188S",5.19222,"Federal Debt Held by Federal Reserve Banks % GDP"
1974-10-01,"HBFRGDQ188S",5.03226,"Federal Debt Held by Federal Reserve Banks % GDP"
1975-01-01,"HBFRGDQ188S",5.03677,"Federal Debt Held by Federal Reserve Banks % GDP"
1975-04-01,"HBFRGDQ188S",5.12757,"Federal Debt Held by Federal Reserve Banks % GDP"
1975-07-01,"HBFRGDQ188S",5.08825,"Federal Debt Held by Federal Reserve Banks % GDP"
1975-10-01,"HBFRGDQ188S",4.98913,"Federal Debt Held by Federal Reserve Banks % GDP"
1976-01-01,"HBFRGDQ188S",4.93275,"Federal Debt Held by Federal Reserve Banks % GDP"
1976-04-01,"HBFRGDQ188S",5.09628,"Federal Debt Held by Federal Reserve Banks % GDP"
1976-07-01,"HBFRGDQ188S",5.10983,"Federal Debt Held by Federal Reserve Banks % GDP"
1976-10-01,"HBFRGDQ188S",5.0148,"Federal Debt Held by Federal Reserve Banks % GDP"
1977-01-01,"HBFRGDQ188S",4.8274,"Federal Debt Held by Federal Reserve Banks % GDP"
1977-04-01,"HBFRGDQ188S",4.97104,"Federal Debt Held by Federal Reserve Banks % GDP"
1977-07-01,"HBFRGDQ188S",4.94224,"Federal Debt Held by Federal Reserve Banks % GDP"
1977-10-01,"HBFRGDQ188S",4.74987,"Federal Debt Held by Federal Reserve Banks % GDP"
1978-01-01,"HBFRGDQ188S",4.6124,"Federal Debt Held by Federal Reserve Banks % GDP"
1978-04-01,"HBFRGDQ188S",4.72201,"Federal Debt Held by Federal Reserve Banks % GDP"
1978-07-01,"HBFRGDQ188S",4.81409,"Federal Debt Held by Federal Reserve Banks % GDP"
1978-10-01,"HBFRGDQ188S",4.4248,"Federal Debt Held by Federal Reserve Banks % GDP"
1979-01-01,"HBFRGDQ188S",4.38928,"Federal Debt Held by Federal Reserve Banks % GDP"
1979-04-01,"HBFRGDQ188S",4.23348,"Federal Debt Held by Federal Reserve Banks % GDP"
1979-07-01,"HBFRGDQ188S",4.32979,"Federal Debt Held by Federal Reserve Banks % GDP"
1979-10-01,"HBFRGDQ188S",4.31369,"Federal Debt Held by Federal Reserve Banks % GDP"
1980-01-01,"HBFRGDQ188S",4.18303,"Federal Debt Held by Federal Reserve Banks % GDP"
1980-04-01,"HBFRGDQ188S",4.45064,"Federal Debt Held by Federal Reserve Banks % GDP"
1980-07-01,"HBFRGDQ188S",4.22548,"Federal Debt Held by Federal Reserve Banks % GDP"
1980-10-01,"HBFRGDQ188S",4.06289,"Federal Debt Held by Federal Reserve Banks % GDP"
1981-01-01,"HBFRGDQ188S",3.80897,"Federal Debt Held by Federal Reserve Banks % GDP"
1981-04-01,"HBFRGDQ188S",3.79443,"Federal Debt Held by Federal Reserve Banks % GDP"
1981-07-01,"HBFRGDQ188S",3.81217,"Federal Debt Held by Federal Reserve Banks % GDP"
1981-10-01,"HBFRGDQ188S",3.99291,"Federal Debt Held by Federal Reserve Banks % GDP"
1982-01-01,"HBFRGDQ188S",3.86647,"Federal Debt Held by Federal Reserve Banks % GDP"
1982-04-01,"HBFRGDQ188S",3.81156,"Federal Debt Held by Federal Reserve Banks % GDP"
1982-07-01,"HBFRGDQ188S",3.99249,"Federal Debt Held by Federal Reserve Banks % GDP"
1982-10-01,"HBFRGDQ188S",4.09398,"Federal Debt Held by Federal Reserve Banks % GDP"
1983-01-01,"HBFRGDQ188S",3.93561,"Federal Debt Held by Federal Reserve Banks % GDP"
1983-04-01,"HBFRGDQ188S",3.95937,"Federal Debt Held by Federal Reserve Banks % GDP"
1983-07-01,"HBFRGDQ188S",4.21232,"Federal Debt Held by Federal Reserve Banks % GDP"
1983-10-01,"HBFRGDQ188S",4.00295,"Federal Debt Held by Federal Reserve Banks % GDP"
1984-01-01,"HBFRGDQ188S",3.8587,"Federal Debt Held by Federal Reserve Banks % GDP"
1984-04-01,"HBFRGDQ188S",3.81335,"Federal Debt Held by Federal Reserve Banks % GDP"
1984-07-01,"HBFRGDQ188S",3.79507,"Federal Debt Held by Federal Reserve Banks % GDP"
1984-10-01,"HBFRGDQ188S",3.87846,"Federal Debt Held by Federal Reserve Banks % GDP"
1985-01-01,"HBFRGDQ188S",3.806,"Federal Debt Held by Federal Reserve Banks % GDP"
1985-04-01,"HBFRGDQ188S",3.93724,"Federal Debt Held by Federal Reserve Banks % GDP"
1985-07-01,"HBFRGDQ188S",3.86845,"Federal Debt Held by Federal Reserve Banks % GDP"
1985-10-01,"HBFRGDQ188S",4.07957,"Federal Debt Held by Federal Reserve Banks % GDP"
1986-01-01,"HBFRGDQ188S",4.09948,"Federal Debt Held by Federal Reserve Banks % GDP"
1986-04-01,"HBFRGDQ188S",4.0459,"Federal Debt Held by Federal Reserve Banks % GDP"
1986-07-01,"HBFRGDQ188S",4.14092,"Federal Debt Held by Federal Reserve Banks % GDP"
1986-10-01,"HBFRGDQ188S",4.53664,"Federal Debt Held by Federal Reserve Banks % GDP"
1987-01-01,"HBFRGDQ188S",4.15912,"Federal Debt Held by Federal Reserve Banks % GDP"
1987-04-01,"HBFRGDQ188S",4.41725,"Federal Debt Held by Federal Reserve Banks % GDP"
1987-07-01,"HBFRGDQ188S",4.33816,"Federal Debt Held by Federal Reserve Banks % GDP"
1987-10-01,"HBFRGDQ188S",4.44489,"Federal Debt Held by Federal Reserve Banks % GDP"
1988-01-01,"HBFRGDQ188S",4.28709,"Federal Debt Held by Federal Reserve Banks % GDP"
1988-04-01,"HBFRGDQ188S",4.38533,"Federal Debt Held by Federal Reserve Banks % GDP"
1988-07-01,"HBFRGDQ188S",4.33858,"Federal Debt Held by Federal Reserve Banks % GDP"
1988-10-01,"HBFRGDQ188S",4.41522,"Federal Debt Held by Federal Reserve Banks % GDP"
1989-01-01,"HBFRGDQ188S",4.14788,"Federal Debt Held by Federal Reserve Banks % GDP"
1989-04-01,"HBFRGDQ188S",4.13009,"Federal Debt Held by Federal Reserve Banks % GDP"
1989-07-01,"HBFRGDQ188S",3.8821,"Federal Debt Held by Federal Reserve Banks % GDP"
1989-10-01,"HBFRGDQ188S",3.94624,"Federal Debt Held by Federal Reserve Banks % GDP"
1990-01-01,"HBFRGDQ188S",3.71039,"Federal Debt Held by Federal Reserve Banks % GDP"
1990-04-01,"HBFRGDQ188S",3.88253,"Federal Debt Held by Federal Reserve Banks % GDP"
1990-07-01,"HBFRGDQ188S",3.89685,"Federal Debt Held by Federal Reserve Banks % GDP"
1990-10-01,"HBFRGDQ188S",3.91524,"Federal Debt Held by Federal Reserve Banks % GDP"
1991-01-01,"HBFRGDQ188S",3.99325,"Federal Debt Held by Federal Reserve Banks % GDP"
1991-04-01,"HBFRGDQ188S",4.03959,"Federal Debt Held by Federal Reserve Banks % GDP"
1991-07-01,"HBFRGDQ188S",4.16698,"Federal Debt Held by Federal Reserve Banks % GDP"
1991-10-01,"HBFRGDQ188S",4.2541,"Federal Debt Held by Federal Reserve Banks % GDP"
1992-01-01,"HBFRGDQ188S",4.17721,"Federal Debt Held by Federal Reserve Banks % GDP"
1992-04-01,"HBFRGDQ188S",4.27925,"Federal Debt Held by Federal Reserve Banks % GDP"
1992-07-01,"HBFRGDQ188S",4.25941,"Federal Debt Held by Federal Reserve Banks % GDP"
1992-10-01,"HBFRGDQ188S",4.41564,"Federal Debt Held by Federal Reserve Banks % GDP"
1993-01-01,"HBFRGDQ188S",4.43572,"Federal Debt Held by Federal Reserve Banks % GDP"
1993-04-01,"HBFRGDQ188S",4.59837,"Federal Debt Held by Federal Reserve Banks % GDP"
1993-07-01,"HBFRGDQ188S",4.64103,"Federal Debt Held by Federal Reserve Banks % GDP"
1993-10-01,"HBFRGDQ188S",4.73357,"Federal Debt Held by Federal Reserve Banks % GDP"
1994-01-01,"HBFRGDQ188S",4.74025,"Federal Debt Held by Federal Reserve Banks % GDP"
1994-04-01,"HBFRGDQ188S",4.79651,"Federal Debt Held by Federal Reserve Banks % GDP"
1994-07-01,"HBFRGDQ188S",4.81512,"Federal Debt Held by Federal Reserve Banks % GDP"
1994-10-01,"HBFRGDQ188S",4.88915,"Federal Debt Held by Federal Reserve Banks % GDP"
1995-01-01,"HBFRGDQ188S",4.83496,"Federal Debt Held by Federal Reserve Banks % GDP"
1995-04-01,"HBFRGDQ188S",4.91492,"Federal Debt Held by Federal Reserve Banks % GDP"
1995-07-01,"HBFRGDQ188S",4.78581,"Federal Debt Held by Federal Reserve Banks % GDP"
1995-10-01,"HBFRGDQ188S",4.86582,"Federal Debt Held by Federal Reserve Banks % GDP"
1996-01-01,"HBFRGDQ188S",4.79255,"Federal Debt Held by Federal Reserve Banks % GDP"
1996-04-01,"HBFRGDQ188S",4.77913,"Federal Debt Held by Federal Reserve Banks % GDP"
1996-07-01,"HBFRGDQ188S",4.7212,"Federal Debt Held by Federal Reserve Banks % GDP"
1996-10-01,"HBFRGDQ188S",4.73258,"Federal Debt Held by Federal Reserve Banks % GDP"
1997-01-01,"HBFRGDQ188S",4.72458,"Federal Debt Held by Federal Reserve Banks % GDP"
1997-04-01,"HBFRGDQ188S",4.82344,"Federal Debt Held by Federal Reserve Banks % GDP"
1997-07-01,"HBFRGDQ188S",4.75365,"Federal Debt Held by Federal Reserve Banks % GDP"
1997-10-01,"HBFRGDQ188S",4.91335,"Federal Debt Held by Federal Reserve Banks % GDP"
1998-01-01,"HBFRGDQ188S",4.88582,"Federal Debt Held by Federal Reserve Banks % GDP"
1998-04-01,"HBFRGDQ188S",4.90317,"Federal Debt Held by Federal Reserve Banks % GDP"
1998-07-01,"HBFRGDQ188S",4.88976,"Federal Debt Held by Federal Reserve Banks % GDP"
1998-10-01,"HBFRGDQ188S",4.86443,"Federal Debt Held by Federal Reserve Banks % GDP"
1999-01-01,"HBFRGDQ188S",4.94811,"Federal Debt Held by Federal Reserve Banks % GDP"
1999-04-01,"HBFRGDQ188S",5.09017,"Federal Debt Held by Federal Reserve Banks % GDP"
1999-07-01,"HBFRGDQ188S",5.0482,"Federal Debt Held by Federal Reserve Banks % GDP"
1999-10-01,"HBFRGDQ188S",4.8282,"Federal Debt Held by Federal Reserve Banks % GDP"
2000-01-01,"HBFRGDQ188S",5.01591,"Federal Debt Held by Federal Reserve Banks % GDP"
2000-04-01,"HBFRGDQ188S",4.92695,"Federal Debt Held by Federal Reserve Banks % GDP"
2000-07-01,"HBFRGDQ188S",4.95631,"Federal Debt Held by Federal Reserve Banks % GDP"
2000-10-01,"HBFRGDQ188S",4.90334,"Federal Debt Held by Federal Reserve Banks % GDP"
2001-01-01,"HBFRGDQ188S",5.00371,"Federal Debt Held by Federal Reserve Banks % GDP"
2001-04-01,"HBFRGDQ188S",5.04859,"Federal Debt Held by Federal Reserve Banks % GDP"
2001-07-01,"HBFRGDQ188S",5.03962,"Federal Debt Held by Federal Reserve Banks % GDP"
2001-10-01,"HBFRGDQ188S",5.1752,"Federal Debt Held by Federal Reserve Banks % GDP"
2002-01-01,"HBFRGDQ188S",5.33593,"Federal Debt Held by Federal Reserve Banks % GDP"
2002-04-01,"HBFRGDQ188S",5.42551,"Federal Debt Held by Federal Reserve Banks % GDP"
2002-07-01,"HBFRGDQ188S",5.50071,"Federal Debt Held by Federal Reserve Banks % GDP"
2002-10-01,"HBFRGDQ188S",5.69004,"Federal Debt Held by Federal Reserve Banks % GDP"
2003-01-01,"HBFRGDQ188S",5.74094,"Federal Debt Held by Federal Reserve Banks % GDP"
2003-04-01,"HBFRGDQ188S",5.76428,"Federal Debt Held by Federal Reserve Banks % GDP"
2003-07-01,"HBFRGDQ188S",5.67233,"Federal Debt Held by Federal Reserve Banks % GDP"
2003-10-01,"HBFRGDQ188S",5.66333,"Federal Debt Held by Federal Reserve Banks % GDP"
2004-01-01,"HBFRGDQ188S",5.65357,"Federal Debt Held by Federal Reserve Banks % GDP"
2004-04-01,"HBFRGDQ188S",5.67498,"Federal Debt Held by Federal Reserve Banks % GDP"
2004-07-01,"HBFRGDQ188S",5.69104,"Federal Debt Held by Federal Reserve Banks % GDP"
2004-10-01,"HBFRGDQ188S",5.72993,"Federal Debt Held by Federal Reserve Banks % GDP"
2005-01-01,"HBFRGDQ188S",5.61827,"Federal Debt Held by Federal Reserve Banks % GDP"
2005-04-01,"HBFRGDQ188S",5.60798,"Federal Debt Held by Federal Reserve Banks % GDP"
2005-07-01,"HBFRGDQ188S",5.60314,"Federal Debt Held by Federal Reserve Banks % GDP"
2005-10-01,"HBFRGDQ188S",5.58532,"Federal Debt Held by Federal Reserve Banks % GDP"
2006-01-01,"HBFRGDQ188S",5.57755,"Federal Debt Held by Federal Reserve Banks % GDP"
2006-04-01,"HBFRGDQ188S",5.57243,"Federal Debt Held by Federal Reserve Banks % GDP"
2006-07-01,"HBFRGDQ188S",5.54354,"Federal Debt Held by Federal Reserve Banks % GDP"
2006-10-01,"HBFRGDQ188S",5.54789,"Federal Debt Held by Federal Reserve Banks % GDP"
2007-01-01,"HBFRGDQ188S",5.49324,"Federal Debt Held by Federal Reserve Banks % GDP"
2007-04-01,"HBFRGDQ188S",5.48879,"Federal Debt Held by Federal Reserve Banks % GDP"
2007-07-01,"HBFRGDQ188S",5.35288,"Federal Debt Held by Federal Reserve Banks % GDP"
2007-10-01,"HBFRGDQ188S",5.03294,"Federal Debt Held by Federal Reserve Banks % GDP"
2008-01-01,"HBFRGDQ188S",4.01998,"Federal Debt Held by Federal Reserve Banks % GDP"
2008-04-01,"HBFRGDQ188S",3.22084,"Federal Debt Held by Federal Reserve Banks % GDP"
2008-07-01,"HBFRGDQ188S",3.19887,"Federal Debt Held by Federal Reserve Banks % GDP"
2008-10-01,"HBFRGDQ188S",3.25776,"Federal Debt Held by Federal Reserve Banks % GDP"
2009-01-01,"HBFRGDQ188S",3.41143,"Federal Debt Held by Federal Reserve Banks % GDP"
2009-04-01,"HBFRGDQ188S",4.56498,"Federal Debt Held by Federal Reserve Banks % GDP"
2009-07-01,"HBFRGDQ188S",5.3236,"Federal Debt Held by Federal Reserve Banks % GDP"
2009-10-01,"HBFRGDQ188S",5.30057,"Federal Debt Held by Federal Reserve Banks % GDP"
2010-01-01,"HBFRGDQ188S",5.26055,"Federal Debt Held by Federal Reserve Banks % GDP"
2010-04-01,"HBFRGDQ188S",5.18685,"Federal Debt Held by Federal Reserve Banks % GDP"
2010-07-01,"HBFRGDQ188S",5.36073,"Federal Debt Held by Federal Reserve Banks % GDP"
2010-10-01,"HBFRGDQ188S",6.67234,"Federal Debt Held by Federal Reserve Banks % GDP"
2011-01-01,"HBFRGDQ188S",8.73142,"Federal Debt Held by Federal Reserve Banks % GDP"
2011-04-01,"HBFRGDQ188S",10.40974,"Federal Debt Held by Federal Reserve Banks % GDP"
2011-07-01,"HBFRGDQ188S",10.63864,"Federal Debt Held by Federal Reserve Banks % GDP"
2011-10-01,"HBFRGDQ188S",10.49977,"Federal Debt Held by Federal Reserve Banks % GDP"
2012-01-01,"HBFRGDQ188S",10.33742,"Federal Debt Held by Federal Reserve Banks % GDP"
2012-04-01,"HBFRGDQ188S",10.2418,"Federal Debt Held by Federal Reserve Banks % GDP"
2012-07-01,"HBFRGDQ188S",10.08178,"Federal Debt Held by Federal Reserve Banks % GDP"
2012-10-01,"HBFRGDQ188S",10.14651,"Federal Debt Held by Federal Reserve Banks % GDP"
2013-01-01,"HBFRGDQ188S",10.78796,"Federal Debt Held by Federal Reserve Banks % GDP"
2013-04-01,"HBFRGDQ188S",11.57652,"Federal Debt Held by Federal Reserve Banks % GDP"
2013-07-01,"HBFRGDQ188S",12.22319,"Federal Debt Held by Federal Reserve Banks % GDP"
2013-10-01,"HBFRGDQ188S",12.84782,"Federal Debt Held by Federal Reserve Banks % GDP"
2014-01-01,"HBFRGDQ188S",15.20316,"Federal Debt Held by Federal Reserve Banks % GDP"
2014-04-01,"HBFRGDQ188S",15.44595,"Federal Debt Held by Federal Reserve Banks % GDP"
2014-07-01,"HBFRGDQ188S",15.54294,"Federal Debt Held by Federal Reserve Banks % GDP"
2014-10-01,"HBFRGDQ188S",15.59506,"Federal Debt Held by Federal Reserve Banks % GDP"
2015-01-01,"HBFRGDQ188S",15.48701,"Federal Debt Held by Federal Reserve Banks % GDP"
2015-04-01,"HBFRGDQ188S",15.30926,"Federal Debt Held by Federal Reserve Banks % GDP"
2015-07-01,"HBFRGDQ188S",15.22746,"Federal Debt Held by Federal Reserve Banks % GDP"
2015-10-01,"HBFRGDQ188S",15.24317,"Federal Debt Held by Federal Reserve Banks % GDP"
2016-01-01,"HBFRGDQ188S",15.19654,"Federal Debt Held by Federal Reserve Banks % GDP"
2016-04-01,"HBFRGDQ188S",15.06597,"Federal Debt Held by Federal Reserve Banks % GDP"
2016-07-01,"HBFRGDQ188S",14.97991,"Federal Debt Held by Federal Reserve Banks % GDP"
2016-10-01,"HBFRGDQ188S",14.89677,"Federal Debt Held by Federal Reserve Banks % GDP"
2017-01-01,"HBFRGDQ188S",14.82945,"Federal Debt Held by Federal Reserve Banks % GDP"
2017-04-01,"HBFRGDQ188S",14.73401,"Federal Debt Held by Federal Reserve Banks % GDP"
2017-07-01,"HBFRGDQ188S",14.56159,"Federal Debt Held by Federal Reserve Banks % GDP"
2017-10-01,"HBFRGDQ188S",14.26423,"Federal Debt Held by Federal Reserve Banks % GDP"
2018-01-01,"HBFRGDQ188S",13.91374,"Federal Debt Held by Federal Reserve Banks % GDP"
2018-04-01,"HBFRGDQ188S",13.4734,"Federal Debt Held by Federal Reserve Banks % GDP"
2018-07-01,"HBFRGDQ188S",12.97127,"Federal Debt Held by Federal Reserve Banks % GDP"
2018-10-01,"HBFRGDQ188S",12.404,"Federal Debt Held by Federal Reserve Banks % GDP"
2019-01-01,"HBFRGDQ188S",12.01554,"Federal Debt Held by Federal Reserve Banks % GDP"
2019-04-01,"HBFRGDQ188S",11.46271,"Federal Debt Held by Federal Reserve Banks % GDP"
2019-07-01,"HBFRGDQ188S",11.21895,"Federal Debt Held by Federal Reserve Banks % GDP"
2019-10-01,"HBFRGDQ188S",12.02432,"Federal Debt Held by Federal Reserve Banks % GDP"
2020-01-01,"HBFRGDQ188S",16.36483,"Federal Debt Held by Federal Reserve Banks % GDP"
2020-04-01,"HBFRGDQ188S",23.12499,"Federal Debt Held by Federal Reserve Banks % GDP"
2020-07-01,"HBFRGDQ188S",22.45151,"Federal Debt Held by Federal Reserve Banks % GDP"
2020-10-01,"HBFRGDQ188S",23.21636,"Federal Debt Held by Federal Reserve Banks % GDP"
2021-01-01,"HBFRGDQ188S",23.8148,"Federal Debt Held by Federal Reserve Banks % GDP"
2021-04-01,"HBFRGDQ188S",24.09448,"Federal Debt Held by Federal Reserve Banks % GDP"
2021-07-01,"HBFRGDQ188S",24.64976,"Federal Debt Held by Federal Reserve Banks % GDP"
2021-10-01,"HBFRGDQ188S",24.75054,"Federal Debt Held by Federal Reserve Banks % GDP"
2022-01-01,"HBFRGDQ188S",24.7718,"Federal Debt Held by Federal Reserve Banks % GDP"
2022-04-01,"HBFRGDQ188S",24.03902,"Federal Debt Held by Federal Reserve Banks % GDP"
2022-07-01,"HBFRGDQ188S",23.15088,"Federal Debt Held by Federal Reserve Banks % GDP"
2022-10-01,"HBFRGDQ188S",22.20605,"Federal Debt Held by Federal Reserve Banks % GDP"
2023-01-01,"HBFRGDQ188S",20.9919,"Federal Debt Held by Federal Reserve Banks % GDP"
2023-04-01,"HBFRGDQ188S",20.05981,"Federal Debt Held by Federal Reserve Banks % GDP"
2023-07-01,"HBFRGDQ188S",19.06461,"Federal Debt Held by Federal Reserve Banks % GDP"
2023-10-01,"HBFRGDQ188S",18.43091,"Federal Debt Held by Federal Reserve Banks % GDP"
2024-01-01,"HBFRGDQ188S",17.38621,"Federal Debt Held by Federal Reserve Banks % GDP"
2024-04-01,"HBFRGDQ188S",16.51571,"Federal Debt Held by Federal Reserve Banks % GDP"
2024-07-01,"HBFRGDQ188S",15.97326,"Federal Debt Held by Federal Reserve Banks % GDP"
2024-10-01,"HBFRGDQ188S",15.52134,"Federal Debt Held by Federal Reserve Banks % GDP"
2025-01-01,"HBFRGDQ188S",15.16658,"Federal Debt Held by Federal Reserve Banks % GDP"
2025-04-01,"HBFRGDQ188S",14.86815,"Federal Debt Held by Federal Reserve Banks % GDP"
2025-07-01,"HBFRGDQ188S",14.50099,"Federal Debt Held by Federal Reserve Banks % GDP"
2025-10-01,"HBFRGDQ188S",14.41115,"Federal Debt Held by Federal Reserve Banks % GDP"
2026-01-01,"HBFRGDQ188S",14.72915,"Federal Debt Held by Federal Reserve Banks % GDP"
